﻿image_cue_1,image_cue_2,image_cue_3,image_target_1,image_target_2,image_target_3,corrAns,trials.thisRepN,trials.thisTrialN,trials.thisN,trials.thisIndex,textWelcome.started,textWelcome.stopped,keyWelcome.keys,keyWelcome.rt,keyWelcome.started,keyWelcome.stopped,textStart.started,textStart.stopped,keyStart.keys,keyStart.rt,keyStart.started,keyStart.stopped,imageTrailBefore_1.started,imageTrailBefore_1.stopped,imageTrialBefore_2.started,imageTrialBefore_2.stopped,imageTrialBefore_3.started,imageTrialBefore_3.stopped,imageTrialCue_1.started,imageTrialCue_1.stopped,imageTrialCue_2.started,imageTrialCue_2.stopped,imageTrialCue_3.started,imageTrialCue_3.stopped,imageTrialTarget_1.started,imageTrialTarget_1.stopped,imageTrialTarget_2.started,imageTrialTarget_2.stopped,imageTrialTarget_3.started,imageTrialTarget_3.stopped,keyResponse.keys,keyResponse.rt,keyResponse.started,keyResponse.stopped,textBlank500.started,textBlank500.stopped,participant,session,date,expName,psychopyVersion,frameRate,
,,,,,,,,,,,15.398115499992855,None,space,1.7104286000831053,15.398115499992855,None,,,,,,,,,,,,,,,,,,,,,,,,,,,,,,,,001,2020_Apr_01_1704,experiment,2020.1.3,59.90656969987604,
,,,,,,,,,,,,,,,,,17.137475800001994,None,space,2.381468400009908,17.137475800001994,None,,,,,,,,,,,,,,,,,,,,,,,,,,001,2020_Apr_01_1704,experiment,2020.1.3,59.90656969987604,
images/light_grey_box,images/light_grey_box,images/light_grey_box_with_cue,images/light_grey_box_with_target,images/light_grey_box,images/light_grey_box,left,0,0,0,16,,,,,,,,,,,,,19.62983239989262,None,19.62983239989262,None,19.62983239989262,None,20.61334469995927,None,20.61334469995927,None,20.61334469995927,None,20.74323749996256,None,20.74323749996256,None,20.74323749996256,None,space,0.5506599000655115,20.74323749996256,None,21.320760399918072,None,,001,2020_Apr_01_1704,experiment,2020.1.3,59.90656969987604,
images/light_grey_box,images/light_grey_box,images/light_grey_box_with_cue,images/light_grey_box,images/light_grey_box,images/light_grey_box_with_target,right,0,1,1,17,,,,,,,,,,,,,21.83054169989191,None,21.83054169989191,None,21.83054169989191,None,22.85403629997745,None,22.85403629997745,None,22.85403629997745,None,22.992414999986067,23.995700999978,22.992414999986067,23.995700999978,22.992414999986067,23.995700999978,space,2.222257100045681,22.992414999986067,None,25.246891899965703,None,,001,2020_Apr_01_1704,experiment,2020.1.3,59.90656969987604,
images/light_grey_box_with_cue,images/light_grey_box,images/light_grey_box,images/light_grey_box,images/light_grey_box_with_target,images/light_grey_box,down,0,2,2,0,,,,,,,,,,,,,25.747651199926622,None,25.747651199926622,None,25.747651199926622,None,26.780672399909236,None,26.780672399909236,None,26.780672399909236,None,26.93171229993459,None,26.93171229993459,None,26.93171229993459,None,space,0.483811300015077,26.93171229993459,None,27.447732899920084,None,,001,2020_Apr_01_1704,experiment,2020.1.3,59.90656969987604,
images/light_grey_box,images/light_grey_box,images/light_grey_box_with_cue,images/light_grey_box,images/light_grey_box_with_target,images/light_grey_box,down,0,3,3,10,,,,,,,,,,,,,27.961865999968722,None,27.961865999968722,None,27.961865999968722,None,28.968277799896896,None,28.968277799896896,None,28.968277799896896,None,29.133120599901304,None,29.133120599901304,None,29.133120599901304,None,space,0.42167529999278486,29.133120599901304,None,29.581328799948096,None,,001,2020_Apr_01_1704,experiment,2020.1.3,59.90656969987604,
images/light_grey_box_with_cue,images/light_grey_box,images/light_grey_box,images/light_grey_box,images/light_grey_box_with_target,images/light_grey_box,down,0,4,4,4,,,,,,,,,,,,,30.095335299964063,None,30.095335299964063,None,30.095335299964063,None,31.104133099899627,None,31.104133099899627,None,31.104133099899627,None,31.270707099931315,None,31.270707099931315,None,31.270707099931315,None,space,0.2630182000575587,31.270707099931315,None,31.55971929989755,None,,001,2020_Apr_01_1704,experiment,2020.1.3,59.90656969987604,
images/light_grey_box_with_cue,images/light_grey_box,images/light_grey_box,images/light_grey_box_with_target,images/light_grey_box,images/light_grey_box,left,0,5,5,6,,,,,,,,,,,,,32.06358639989048,None,32.06358639989048,None,32.06358639989048,None,33.09997979993932,None,33.09997979993932,None,33.09997979993932,None,33.2361381999217,None,33.2361381999217,None,33.2361381999217,None,space,0.4395619999850169,33.2361381999217,None,33.69654599996284,None,,001,2020_Apr_01_1704,experiment,2020.1.3,59.90656969987604,
images/light_grey_box_with_cue,images/light_grey_box,images/light_grey_box,images/light_grey_box,images/light_grey_box_with_target,images/light_grey_box,down,0,6,6,5,,,,,,,,,,,,,34.21065199992154,None,34.21065199992154,None,34.21065199992154,None,35.23213769996073,None,35.23213769996073,None,35.23213769996073,None,35.38196899998002,None,35.38196899998002,None,35.38196899998002,None,space,0.20831150002777576,35.38196899998002,None,35.612881999928504,None,,001,2020_Apr_01_1704,experiment,2020.1.3,59.90656969987604,
images/light_grey_box_with_cue,images/light_grey_box,images/light_grey_box,images/light_grey_box,images/light_grey_box_with_target,images/light_grey_box,down,0,7,7,2,,,,,,,,,,,,,36.127975299954414,None,36.127975299954414,None,36.127975299954414,None,37.13738089997787,None,37.13738089997787,None,37.13738089997787,None,37.288122099940665,None,37.288122099940665,None,37.288122099940665,None,space,0.3371779000153765,37.288122099940665,None,37.6430952999508,None,,001,2020_Apr_01_1704,experiment,2020.1.3,59.90656969987604,
images/light_grey_box_with_cue,images/light_grey_box,images/light_grey_box,images/light_grey_box,images/light_grey_box_with_target,images/light_grey_box,down,0,8,8,1,,,,,,,,,,,,,38.14430359995458,None,38.14430359995458,None,38.14430359995458,None,39.18184149998706,None,39.18184149998706,None,39.18184149998706,None,39.332434899988584,None,39.332434899988584,None,39.332434899988584,None,space,0.40741670003626496,39.332434899988584,None,39.764312799903564,None,,001,2020_Apr_01_1704,experiment,2020.1.3,59.90656969987604,
,,,,,,,,,,,,,,,,,,,,,,,40.27727289998438,None,40.27727289998438,None,40.27727289998438,None,41.29741379991174,None,41.29741379991174,None,41.29741379991174,None,,,,,,,,,,,,,,,,,,,
