﻿image_cue_1,image_cue_2,image_cue_3,image_target_1,image_target_2,image_target_3,corrAns,trials.thisRepN,trials.thisTrialN,trials.thisN,trials.thisIndex,textWelcome.started,textWelcome.stopped,keyWelcome.keys,keyWelcome.rt,keyWelcome.started,keyWelcome.stopped,textStart.started,textStart.stopped,keyStart.keys,keyStart.rt,keyStart.started,keyStart.stopped,imageTrailBefore_1.started,imageTrailBefore_1.stopped,imageTrialBefore_2.started,imageTrialBefore_2.stopped,imageTrialBefore_3.started,imageTrialBefore_3.stopped,imageTrialCue_1.started,imageTrialCue_1.stopped,imageTrialCue_2.started,imageTrialCue_2.stopped,imageTrialCue_3.started,imageTrialCue_3.stopped,imageTrialTarget_1.started,imageTrialTarget_1.stopped,imageTrialTarget_2.started,imageTrialTarget_2.stopped,imageTrialTarget_3.started,imageTrialTarget_3.stopped,keyResponse.keys,keyResponse.corr,keyResponse.rt,keyResponse.started,keyResponse.stopped,textBlank500.started,textBlank500.stopped,participant,session,date,expName,psychopyVersion,frameRate,
,,,,,,,,,,,10.958042199956253,None,space,1.06281129992567,10.958042199956253,None,,,,,,,,,,,,,,,,,,,,,,,,,,,,,,,,,001,2020_Apr_01_1609,experiment,2020.1.3,60.05486610999483,
,,,,,,,,,,,,,,,,,12.043752899975516,None,space,0.7217565999599174,12.043752899975516,None,,,,,,,,,,,,,,,,,,,,,,,,,,,001,2020_Apr_01_1609,experiment,2020.1.3,60.05486610999483,
images/light_grey_box_with_cue,images/light_grey_box,images/light_grey_box,images/light_grey_box,images/light_grey_box,images/light_grey_box_with_target,right,0,0,0,7,,,,,,,,,,,,,12.871805800008588,None,12.871805800008588,None,12.871805800008588,None,13.861513099982403,None,13.861513099982403,None,13.861513099982403,None,14.852197399944998,None,14.852197399944998,None,14.852197399944998,None,right,1,0.45017209998331964,14.852197399944998,None,15.320770499994978,None,,001,2020_Apr_01_1609,experiment,2020.1.3,60.05486610999483,
images/light_grey_box_with_cue,images/light_grey_box,images/light_grey_box,images/light_grey_box,images/light_grey_box_with_target,images/light_grey_box,down,0,1,1,2,,,,,,,,,,,,,15.822426399914548,None,15.822426399914548,None,15.822426399914548,None,16.85176699992735,None,16.85176699992735,None,16.85176699992735,None,17.885987899964675,None,17.885987899964675,None,17.885987899964675,None,down,1,0.4843867999734357,17.885987899964675,None,18.38966869993601,None,,001,2020_Apr_01_1609,experiment,2020.1.3,60.05486610999483,
images/light_grey_box_with_cue,images/light_grey_box,images/light_grey_box,images/light_grey_box,images/light_grey_box_with_target,images/light_grey_box,down,0,2,2,3,,,,,,,,,,,,,18.90292469994165,None,18.90292469994165,None,18.90292469994165,None,19.946011899970472,None,19.946011899970472,None,19.946011899970472,None,20.965457299957052,None,20.965457299957052,None,20.965457299957052,None,down,1,0.5005235000280663,20.965457299957052,None,21.497559999930672,None,,001,2020_Apr_01_1609,experiment,2020.1.3,60.05486610999483,
images/light_grey_box,images/light_grey_box,images/light_grey_box_with_cue,images/light_grey_box,images/light_grey_box,images/light_grey_box,None,0,3,3,18,,,,,,,,,,,,,22.000852199969813,None,22.000852199969813,None,22.000852199969813,None,23.02814089995809,None,23.02814089995809,None,23.02814089995809,None,24.05506719998084,None,24.05506719998084,None,24.05506719998084,None,None,1,,24.05506719998084,None,25.067084099981003,None,,001,2020_Apr_01_1609,experiment,2020.1.3,60.05486610999483,
images/light_grey_box,images/light_grey_box,images/light_grey_box_with_cue,images/light_grey_box,images/light_grey_box,images/light_grey_box,None,0,4,4,19,,,,,,,,,,,,,25.582992999930866,None,25.582992999930866,None,25.582992999930866,None,26.62268909998238,None,26.62268909998238,None,26.62268909998238,None,27.661677500000224,None,27.661677500000224,None,27.661677500000224,None,None,1,,27.661677500000224,None,28.665999199962243,None,,001,2020_Apr_01_1609,experiment,2020.1.3,60.05486610999483,
images/light_grey_box,images/light_grey_box,images/light_grey_box_with_cue,images/light_grey_box,images/light_grey_box_with_target,images/light_grey_box,down,0,5,5,11,,,,,,,,,,,,,29.165502999909222,None,29.165502999909222,None,29.165502999909222,None,30.195884199929424,None,30.195884199929424,None,30.195884199929424,None,31.21759429993108,None,31.21759429993108,None,31.21759429993108,None,left,0,0.8443373000482097,31.21759429993108,None,32.08858009998221,None,,001,2020_Apr_01_1609,experiment,2020.1.3,60.05486610999483,
images/light_grey_box_with_cue,images/light_grey_box,images/light_grey_box,images/light_grey_box,images/light_grey_box_with_target,images/light_grey_box,down,0,6,6,0,,,,,,,,,,,,,32.6000015999889,None,32.6000015999889,None,32.6000015999889,None,33.6460333999712,None,33.6460333999712,None,33.6460333999712,None,34.672609200002626,None,34.672609200002626,None,34.672609200002626,None,right,0,0.7077984999632463,34.672609200002626,None,35.40665439993609,None,,001,2020_Apr_01_1609,experiment,2020.1.3,60.05486610999483,
images/light_grey_box_with_cue,images/light_grey_box,images/light_grey_box,images/light_grey_box_with_target,images/light_grey_box,images/light_grey_box,left,0,7,7,6,,,,,,,,,,,,,35.91662549995817,None,35.91662549995817,None,35.91662549995817,None,36.95074060000479,None,36.95074060000479,None,36.95074060000479,None,37.98027970001567,None,37.98027970001567,None,37.98027970001567,None,down,0,0.44619339995551854,37.98027970001567,None,38.45010359992739,None,,001,2020_Apr_01_1609,experiment,2020.1.3,60.05486610999483,
images/light_grey_box,images/light_grey_box,images/light_grey_box_with_cue,images/light_grey_box,images/light_grey_box_with_target,images/light_grey_box,down,0,8,8,15,,,,,,,,,,,,,38.96513289993163,None,38.96513289993163,None,38.96513289993163,None,39.996917499927804,None,39.996917499927804,None,39.996917499927804,None,41.010491699911654,None,41.010491699911654,None,41.010491699911654,None,None,0,,41.010491699911654,None,42.0281752999872,None,,001,2020_Apr_01_1609,experiment,2020.1.3,60.05486610999483,
images/light_grey_box,images/light_grey_box,images/light_grey_box_with_cue,images/light_grey_box,images/light_grey_box_with_target,images/light_grey_box,down,0,9,9,12,,,,,,,,,,,,,42.53148759994656,None,42.53148759994656,None,42.53148759994656,None,43.54956710000988,None,43.54956710000988,None,43.54956710000988,None,44.577444699942134,None,44.577444699942134,None,44.577444699942134,None,None,0,,44.577444699942134,None,45.57872499991208,None,,001,2020_Apr_01_1609,experiment,2020.1.3,60.05486610999483,
images/light_grey_box,images/light_grey_box,images/light_grey_box_with_cue,images/light_grey_box,images/light_grey_box_with_target,images/light_grey_box,down,0,10,10,10,,,,,,,,,,,,,46.07931009994354,None,46.07931009994354,None,46.07931009994354,None,47.11102279997431,None,47.11102279997431,None,47.11102279997431,None,48.14014159992803,None,48.14014159992803,None,48.14014159992803,None,None,0,,48.14014159992803,None,49.145829499932006,None,,001,2020_Apr_01_1609,experiment,2020.1.3,60.05486610999483,
,,,,,,,,,,,,,,,,,,,,,,,49.66133059991989,None,49.66133059991989,None,49.66133059991989,None,,,,,,,,,,,,,,,,,,,,,,,,,,
