﻿image_cue_1,image_cue_2,image_cue_3,image_target_1,image_target_2,image_target_3,corrAns,trials.thisRepN,trials.thisTrialN,trials.thisN,trials.thisIndex,textWelcome.started,textWelcome.stopped,keyWelcome.keys,keyWelcome.rt,keyWelcome.started,keyWelcome.stopped,textStart.started,textStart.stopped,keyStart.keys,keyStart.rt,keyStart.started,keyStart.stopped,imageTrailBefore_1.started,imageTrailBefore_1.stopped,imageTrialBefore_2.started,imageTrialBefore_2.stopped,imageTrialBefore_3.started,imageTrialBefore_3.stopped,imageTrialCue_1.started,imageTrialCue_1.stopped,imageTrialCue_2.started,imageTrialCue_2.stopped,imageTrialCue_3.started,imageTrialCue_3.stopped,imageTrialTarget_1.started,imageTrialTarget_1.stopped,imageTrialTarget_2.started,imageTrialTarget_2.stopped,imageTrialTarget_3.started,imageTrialTarget_3.stopped,keyResponse.keys,keyResponse.corr,keyResponse.rt,keyResponse.started,keyResponse.stopped,textBlank500.started,textBlank500.stopped,participant,session,date,expName,psychopyVersion,frameRate,
,,,,,,,,,,,40.21854390006047,None,space,2.3449454000219703,40.21854390006047,None,,,,,,,,,,,,,,,,,,,,,,,,,,,,,,,,,001,2020_Apr_01_1639,experiment,2020.1.3,59.87403698979117,
,,,,,,,,,,,,,,,,,42.6186056000879,None,space,1.7120097000151873,42.6186056000879,None,,,,,,,,,,,,,,,,,,,,,,,,,,,001,2020_Apr_01_1639,experiment,2020.1.3,59.87403698979117,
images/light_grey_box_with_cue,images/light_grey_box,images/light_grey_box,images/light_grey_box,images/light_grey_box,images/light_grey_box,up,0,0,0,8,,,,,,,,,,,,,44.65411640005186,None,44.65411640005186,None,44.65411640005186,None,45.4502326999791,None,45.4502326999791,None,45.4502326999791,None,45.54839220002759,46.54955980007071,45.54839220002759,46.54955980007071,45.54839220002759,46.54955980007071,right,0,5.863521300023422,45.54839220002759,None,51.43329580000136,None,,001,2020_Apr_01_1639,experiment,2020.1.3,59.87403698979117,
,,,,,,,,,,,,,,,,,,,,,,,51.949128100066446,None,51.949128100066446,None,51.949128100066446,None,52.96613580000121,None,52.96613580000121,None,52.96613580000121,None,,,,,,,,,,,,,,,,,,,,
