﻿image_cue_1,image_cue_2,image_cue_3,image_target_1,image_target_2,image_target_3,trials.thisRepN,trials.thisTrialN,trials.thisN,trials.thisIndex,textWelcome.started,textWelcome.stopped,keyWelcome.keys,keyWelcome.rt,keyWelcome.started,keyWelcome.stopped,textStart.started,textStart.stopped,keyStart.keys,keyStart.rt,keyStart.started,keyStart.stopped,imageTrailBefore_1.started,imageTrailBefore_1.stopped,imageTrialBefore_2.started,imageTrialBefore_2.stopped,imageTrialBefore_3.started,imageTrialBefore_3.stopped,imageTrialCue_1.started,imageTrialCue_1.stopped,imageTrialCue_2.started,imageTrialCue_2.stopped,imageTrialCue_3.started,imageTrialCue_3.stopped,imageTrialTarget_1.started,imageTrialTarget_1.stopped,imageTrialTarget_2.started,imageTrialTarget_2.stopped,imageTrialTarget_3.started,imageTrialTarget_3.stopped,textBlank500.started,textBlank500.stopped,participant,session,date,expName,psychopyVersion,frameRate,
,,,,,,,,,,13.292363199987449,None,space,1.7555212000152096,13.292363199987449,None,,,,,,,,,,,,,,,,,,,,,,,,,,,,001,2020_Apr_01_1543,experiment,2020.1.3,60.10503959733716,
,,,,,,,,,,,,,,,,15.123103099991567,None,space,1.4117223999928683,15.123103099991567,None,,,,,,,,,,,,,,,,,,,,,,001,2020_Apr_01_1543,experiment,2020.1.3,60.10503959733716,
images/light_grey_box,images/light_grey_box,images/light_grey_box_with_cue,images/light_grey_box,images/light_grey_box,images/light_grey_box,0,0,0,18,,,,,,,,,,,,,17.13083280005958,None,17.13083280005958,None,17.13083280005958,None,17.64503420004621,None,17.64503420004621,None,17.64503420004621,None,18.606460500042886,None,18.606460500042886,None,18.606460500042886,None,19.570919599966146,None,,001,2020_Apr_01_1543,experiment,2020.1.3,60.10503959733716,
images/light_grey_box_with_cue,images/light_grey_box,images/light_grey_box,images/light_grey_box,images/light_grey_box,images/light_grey_box,0,1,1,9,,,,,,,,,,,,,20.07075289997738,None,20.07075289997738,None,20.07075289997738,None,21.088021100033075,None,21.088021100033075,None,21.088021100033075,None,22.084608200006187,None,22.084608200006187,None,22.084608200006187,None,23.070120300049894,None,,001,2020_Apr_01_1543,experiment,2020.1.3,60.10503959733716,
images/light_grey_box,images/light_grey_box,images/light_grey_box_with_cue,images/light_grey_box,images/light_grey_box_with_target,images/light_grey_box,0,2,2,11,,,,,,,,,,,,,23.57009479997214,None,23.57009479997214,None,23.57009479997214,None,24.587507199961692,None,24.587507199961692,None,24.587507199961692,None,25.640621799975634,None,25.640621799975634,None,25.640621799975634,None,26.569358599954285,None,,001,2020_Apr_01_1543,experiment,2020.1.3,60.10503959733716,
images/light_grey_box,images/light_grey_box,images/light_grey_box_with_cue,images/light_grey_box_with_target,images/light_grey_box,images/light_grey_box,0,3,3,16,,,,,,,,,,,,,27.070029700058512,None,27.070029700058512,None,27.070029700058512,None,28.090521299978718,None,28.090521299978718,None,28.090521299978718,None,29.08766670001205,None,29.08766670001205,None,29.08766670001205,None,30.068708900013007,None,,001,2020_Apr_01_1543,experiment,2020.1.3,60.10503959733716,
images/light_grey_box,images/light_grey_box,images/light_grey_box_with_cue,images/light_grey_box,images/light_grey_box,images/light_grey_box,0,4,4,19,,,,,,,,,,,,,30.568908600020222,None,30.568908600020222,None,30.568908600020222,None,31.58447989996057,None,31.58447989996057,None,31.58447989996057,None,32.582439800025895,None,32.582439800025895,None,32.582439800025895,None,33.56823069998063,None,,001,2020_Apr_01_1543,experiment,2020.1.3,60.10503959733716,
images/light_grey_box_with_cue,images/light_grey_box,images/light_grey_box,images/light_grey_box,images/light_grey_box_with_target,images/light_grey_box,0,5,5,3,,,,,,,,,,,,,34.06799210002646,None,34.06799210002646,None,34.06799210002646,None,35.084860200062394,None,35.084860200062394,None,35.084860200062394,None,36.08384370000567,None,36.08384370000567,None,36.08384370000567,None,37.067702000029385,None,,001,2020_Apr_01_1543,experiment,2020.1.3,60.10503959733716,
images/light_grey_box_with_cue,images/light_grey_box,images/light_grey_box,images/light_grey_box,images/light_grey_box,images/light_grey_box,0,6,6,8,,,,,,,,,,,,,37.56781769997906,None,37.56781769997906,None,37.56781769997906,None,38.58347569999751,None,38.58347569999751,None,38.58347569999751,None,39.58289610000793,None,39.58289610000793,None,39.58289610000793,None,40.5669285999611,None,,001,2020_Apr_01_1543,experiment,2020.1.3,60.10503959733716,
images/light_grey_box_with_cue,images/light_grey_box,images/light_grey_box,images/light_grey_box,images/light_grey_box_with_target,images/light_grey_box,0,7,7,5,,,,,,,,,,,,,41.066580099985,None,41.066580099985,None,41.066580099985,None,42.084929100004956,None,42.084929100004956,None,42.084929100004956,None,43.08306420000736,None,43.08306420000736,None,43.08306420000736,None,44.06626250001136,None,,001,2020_Apr_01_1543,experiment,2020.1.3,60.10503959733716,
images/light_grey_box,images/light_grey_box,images/light_grey_box_with_cue,images/light_grey_box,images/light_grey_box_with_target,images/light_grey_box,0,8,8,12,,,,,,,,,,,,,44.56633229996078,None,44.56633229996078,None,44.56633229996078,None,45.584441900020465,None,45.584441900020465,None,45.584441900020465,None,46.5829187000636,None,46.5829187000636,None,46.5829187000636,None,47.565397200058214,None,,001,2020_Apr_01_1543,experiment,2020.1.3,60.10503959733716,
images/light_grey_box_with_cue,images/light_grey_box,images/light_grey_box,images/light_grey_box,images/light_grey_box_with_target,images/light_grey_box,0,9,9,2,,,,,,,,,,,,,48.06521879998036,None,48.06521879998036,None,48.06521879998036,None,49.082655400037766,None,49.082655400037766,None,49.082655400037766,None,50.08201769995503,None,50.08201769995503,None,50.08201769995503,None,51.06468049995601,None,,001,2020_Apr_01_1543,experiment,2020.1.3,60.10503959733716,
images/light_grey_box,images/light_grey_box,images/light_grey_box_with_cue,images/light_grey_box,images/light_grey_box,images/light_grey_box_with_target,0,10,10,17,,,,,,,,,,,,,51.56466749997344,None,51.56466749997344,None,51.56466749997344,None,52.5832809000276,None,52.5832809000276,None,52.5832809000276,None,53.58429170004092,None,53.58429170004092,None,53.58429170004092,None,54.56395670003258,None,,001,2020_Apr_01_1543,experiment,2020.1.3,60.10503959733716,
images/light_grey_box,images/light_grey_box,images/light_grey_box_with_cue,images/light_grey_box,images/light_grey_box_with_target,images/light_grey_box,0,11,11,15,,,,,,,,,,,,,55.063966599991545,None,55.063966599991545,None,55.063966599991545,None,56.08211640000809,None,56.08211640000809,None,56.08211640000809,None,57.08007190003991,None,57.08007190003991,None,57.08007190003991,None,58.06312830001116,None,,001,2020_Apr_01_1543,experiment,2020.1.3,60.10503959733716,
images/light_grey_box,images/light_grey_box,images/light_grey_box_with_cue,images/light_grey_box,images/light_grey_box_with_target,images/light_grey_box,0,12,12,14,,,,,,,,,,,,,58.56320360000245,None,58.56320360000245,None,58.56320360000245,None,59.580365500063635,None,59.580365500063635,None,59.580365500063635,None,60.5788929000264,None,60.5788929000264,None,60.5788929000264,None,61.56253120000474,None,,001,2020_Apr_01_1543,experiment,2020.1.3,60.10503959733716,
images/light_grey_box_with_cue,images/light_grey_box,images/light_grey_box,images/light_grey_box,images/light_grey_box_with_target,images/light_grey_box,0,13,13,0,,,,,,,,,,,,,62.06281320005655,None,62.06281320005655,None,62.06281320005655,None,63.08107009995729,None,63.08107009995729,None,63.08107009995729,None,64.07856980001088,None,64.07856980001088,None,64.07856980001088,None,65.0619541000342,None,,001,2020_Apr_01_1543,experiment,2020.1.3,60.10503959733716,
