﻿image_cue_1,image_cue_2,image_cue_3,image_target_1,image_target_2,image_target_3,corrAns,trials.thisRepN,trials.thisTrialN,trials.thisN,trials.thisIndex,textWelcome.started,textWelcome.stopped,keyWelcome.keys,keyWelcome.rt,keyWelcome.started,keyWelcome.stopped,textStart.started,textStart.stopped,keyStart.keys,keyStart.rt,keyStart.started,keyStart.stopped,imageTrailBefore_1.started,imageTrailBefore_1.stopped,imageTrialBefore_2.started,imageTrialBefore_2.stopped,imageTrialBefore_3.started,imageTrialBefore_3.stopped,imageTrialCue_1.started,imageTrialCue_1.stopped,imageTrialCue_2.started,imageTrialCue_2.stopped,imageTrialCue_3.started,imageTrialCue_3.stopped,imageTrialTarget_1.started,imageTrialTarget_1.stopped,imageTrialTarget_2.started,imageTrialTarget_2.stopped,imageTrialTarget_3.started,imageTrialTarget_3.stopped,keyResponse.keys,keyResponse.rt,keyResponse.started,keyResponse.stopped,textBlank500.started,textBlank500.stopped,participant,session,date,expName,psychopyVersion,frameRate,
,,,,,,,,,,,12.861622099997476,None,space,0.6924523999914527,12.861622099997476,None,,,,,,,,,,,,,,,,,,,,,,,,,,,,,,,,001,2020_Apr_01_1707,experiment,2020.1.3,59.95408717337748,
,,,,,,,,,,,,,,,,,13.576630900031887,None,space,0.8560992000857368,13.576630900031887,None,,,,,,,,,,,,,,,,,,,,,,,,,,001,2020_Apr_01_1707,experiment,2020.1.3,59.95408717337748,
images/light_grey_box,images/light_grey_box,images/light_grey_box_with_cue,images/light_grey_box,images/light_grey_box_with_target,images/light_grey_box,down,0,0,0,11,,,,,,,,,,,,,14.536039300030097,None,14.536039300030097,None,14.536039300030097,None,15.522964700008743,None,15.522964700008743,None,15.522964700008743,None,15.655843999935314,15.806414299993776,15.655843999935314,15.806414299993776,15.655843999935314,15.806414299993776,space,0.5476675999816507,15.655843999935314,None,16.225754800019786,None,,001,2020_Apr_01_1707,experiment,2020.1.3,59.95408717337748,
images/light_grey_box,images/light_grey_box,images/light_grey_box_with_cue,images/light_grey_box,images/light_grey_box,images/light_grey_box_with_target,right,0,1,1,17,,,,,,,,,,,,,16.74203610001132,None,16.74203610001132,None,16.74203610001132,None,17.763769899960607,None,17.763769899960607,None,17.763769899960607,None,17.89957340003457,18.05828819994349,17.89957340003457,18.05828819994349,17.89957340003457,18.05828819994349,space,0.43117580004036427,17.89957340003457,None,18.36145680001937,None,,001,2020_Apr_01_1707,experiment,2020.1.3,59.95408717337748,
images/light_grey_box_with_cue,images/light_grey_box,images/light_grey_box,images/light_grey_box,images/light_grey_box_with_target,images/light_grey_box,down,0,2,2,1,,,,,,,,,,,,,18.87259569996968,None,18.87259569996968,None,18.87259569996968,None,19.881656300043687,None,19.881656300043687,None,19.881656300043687,None,20.047199700027704,20.207938499981537,20.047199700027704,20.207938499981537,20.047199700027704,20.207938499981537,space,0.39714190002996475,20.047199700027704,None,20.475937200011685,None,,001,2020_Apr_01_1707,experiment,2020.1.3,59.95408717337748,
images/light_grey_box,images/light_grey_box,images/light_grey_box_with_cue,images/light_grey_box,images/light_grey_box,images/light_grey_box,up,0,3,3,19,,,,,,,,,,,,,20.98894970002584,None,20.98894970002584,None,20.98894970002584,None,21.997486799955368,None,21.997486799955368,None,21.997486799955368,None,22.14611590001732,22.30523830000311,22.14611590001732,22.30523830000311,22.14611590001732,22.30523830000311,space,2.242285000043921,22.14611590001732,None,24.409191900049336,None,,001,2020_Apr_01_1707,experiment,2020.1.3,59.95408717337748,
images/light_grey_box_with_cue,images/light_grey_box,images/light_grey_box,images/light_grey_box,images/light_grey_box_with_target,images/light_grey_box,down,0,4,4,5,,,,,,,,,,,,,24.92372369999066,None,24.92372369999066,None,24.92372369999066,None,25.942106700036675,None,25.942106700036675,None,25.942106700036675,None,26.092614199966192,26.254630099982023,26.092614199966192,26.254630099982023,26.092614199966192,26.254630099982023,space,0.46652770007494837,26.092614199966192,None,26.592529500019737,None,,001,2020_Apr_01_1707,experiment,2020.1.3,59.95408717337748,
images/light_grey_box_with_cue,images/light_grey_box,images/light_grey_box,images/light_grey_box,images/light_grey_box_with_target,images/light_grey_box,down,0,5,5,0,,,,,,,,,,,,,27.10417409997899,None,27.10417409997899,None,27.10417409997899,None,28.115316699957475,None,28.115316699957475,None,28.115316699957475,None,28.279497700044885,28.43915280001238,28.279497700044885,28.43915280001238,28.279497700044885,28.43915280001238,space,0.3113604999380186,28.279497700044885,None,28.60855210002046,None,,001,2020_Apr_01_1707,experiment,2020.1.3,59.95408717337748,
images/light_grey_box,images/light_grey_box,images/light_grey_box_with_cue,images/light_grey_box,images/light_grey_box_with_target,images/light_grey_box,down,0,6,6,15,,,,,,,,,,,,,29.122147500049323,None,29.122147500049323,None,29.122147500049323,None,30.128808800014667,None,30.128808800014667,None,30.128808800014667,None,30.280638800002635,30.43852239998523,30.280638800002635,30.43852239998523,30.280638800002635,30.43852239998523,space,0.3774056000402197,30.280638800002635,None,30.68988940003328,None,,001,2020_Apr_01_1707,experiment,2020.1.3,59.95408717337748,
images/light_grey_box_with_cue,images/light_grey_box,images/light_grey_box,images/light_grey_box,images/light_grey_box,images/light_grey_box,up,0,7,7,9,,,,,,,,,,,,,31.203587800031528,None,31.203587800031528,None,31.203587800031528,None,32.22607209999114,None,32.22607209999114,None,32.22607209999114,None,32.36093159997836,32.52183109999169,32.36093159997836,32.52183109999169,32.36093159997836,32.52183109999169,space,0.8884527999907732,32.36093159997836,None,33.27495400002226,None,,001,2020_Apr_01_1707,experiment,2020.1.3,59.95408717337748,
images/light_grey_box_with_cue,images/light_grey_box,images/light_grey_box,images/light_grey_box,images/light_grey_box_with_target,images/light_grey_box,down,0,8,8,2,,,,,,,,,,,,,33.78963579994161,None,33.78963579994161,None,33.78963579994161,None,34.800781499943696,None,34.800781499943696,None,34.800781499943696,None,34.963460300001316,35.119313000002876,34.963460300001316,35.119313000002876,34.963460300001316,35.119313000002876,space,0.38701609999407083,34.963460300001316,None,35.37013059994206,None,,001,2020_Apr_01_1707,experiment,2020.1.3,59.95408717337748,
images/light_grey_box,images/light_grey_box,images/light_grey_box_with_cue,images/light_grey_box,images/light_grey_box_with_target,images/light_grey_box,down,0,9,9,12,,,,,,,,,,,,,35.885868299985304,None,35.885868299985304,None,35.885868299985304,None,36.89444900001399,None,36.89444900001399,None,36.89444900001399,None,37.06354550004471,None,37.06354550004471,None,37.06354550004471,None,space,0.12032689992338419,37.06354550004471,None,37.209512699977495,None,,001,2020_Apr_01_1707,experiment,2020.1.3,59.95408717337748,
images/light_grey_box,images/light_grey_box,images/light_grey_box_with_cue,images/light_grey_box,images/light_grey_box_with_target,images/light_grey_box,down,0,10,10,13,,,,,,,,,,,,,37.72160289995372,None,37.72160289995372,None,37.72160289995372,None,38.73557989997789,None,38.73557989997789,None,38.73557989997789,None,38.883874199935235,39.03627509996295,38.883874199935235,39.03627509996295,38.883874199935235,39.03627509996295,space,0.39993780001532286,38.883874199935235,None,39.306711000041105,None,,001,2020_Apr_01_1707,experiment,2020.1.3,59.95408717337748,
images/light_grey_box_with_cue,images/light_grey_box,images/light_grey_box,images/light_grey_box_with_target,images/light_grey_box,images/light_grey_box,left,0,11,11,6,,,,,,,,,,,,,39.82065909996163,None,39.82065909996163,None,39.82065909996163,None,40.827119200024754,None,40.827119200024754,None,40.827119200024754,None,40.99344230000861,41.15297819999978,40.99344230000861,41.15297819999978,40.99344230000861,41.15297819999978,space,0.37252950004767627,40.99344230000861,None,41.38559560000431,None,,001,2020_Apr_01_1707,experiment,2020.1.3,59.95408717337748,
images/light_grey_box_with_cue,images/light_grey_box,images/light_grey_box,images/light_grey_box,images/light_grey_box,images/light_grey_box,up,0,12,12,8,,,,,,,,,,,,,41.90134720003698,None,41.90134720003698,None,41.90134720003698,None,42.910965999937616,None,42.910965999937616,None,42.910965999937616,None,43.06906330003403,43.21961419994477,43.06906330003403,43.21961419994477,43.06906330003403,43.21961419994477,space,0.43809099995996803,43.06906330003403,None,43.53561899997294,None,,001,2020_Apr_01_1707,experiment,2020.1.3,59.95408717337748,
