﻿image_cue_1,image_cue_2,image_cue_3,image_target_1,image_target_2,image_target_3,targetStart,startTime,endTime,trials.thisRepN,trials.thisTrialN,trials.thisN,trials.thisIndex,textWelcome.started,textWelcome.stopped,keyWelcome.keys,keyWelcome.rt,keyWelcome.started,keyWelcome.stopped,textStart.started,textStart.stopped,keyStart.keys,keyStart.rt,keyStart.started,keyStart.stopped,imageTrailBefore_1.started,imageTrailBefore_1.stopped,imageTrialBefore_2.started,imageTrialBefore_2.stopped,imageTrialBefore_3.started,imageTrialBefore_3.stopped,imageTrialCue_1.started,imageTrialCue_1.stopped,imageTrialCue_2.started,imageTrialCue_2.stopped,imageTrialCue_3.started,imageTrialCue_3.stopped,TrialSceenTargetStart,TrialSceenTargetEnd,imageTrialTarget_1.started,imageTrialTarget_1.stopped,imageTrialTarget_2.started,imageTrialTarget_2.stopped,imageTrialTarget_3.started,imageTrialTarget_3.stopped,keyResponse.keys,keyResponse.rt,keyResponse.started,keyResponse.stopped,textBlank500.started,textBlank500.stopped,participant,session,date,expName,psychopyVersion,frameRate,
,,,,,,,,,,,,,47.57935439993162,None,space,7.517571900039911,47.57935439993162,None,,,,,,,,,,,,,,,,,,,,,,,,,,,,,,,,,,001,2020_Apr_01_2111,experiment,2020.1.3,60.910502398414316,
,,,,,,,,,,,,,,,,,,,55.220703099970706,None,space,0.7472125999629498,55.220703099970706,None,,,,,,,,,,,,,,,,,,,,,,,,,,,,001,2020_Apr_01_2111,experiment,2020.1.3,60.910502398414316,
images/light_grey_box_with_cue,images/light_grey_box,images/light_grey_box,images/light_grey_box,images/light_grey_box_with_target,images/light_grey_box,0,0,0.15,0,0,0,0,,,,,,,,,,,,,56.94383169990033,None,56.94383169990033,None,56.94383169990033,None,57.12016379996203,None,57.12016379996203,None,57.12016379996203,None,0.05,0.2,57.25816559989471,57.44154589995742,57.25816559989471,57.44154589995742,57.25816559989471,57.44154589995742,space,0.8518166999565437,57.25816559989471,None,58.14311989990529,None,,001,2020_Apr_01_2111,experiment,2020.1.3,60.910502398414316,
images/light_grey_box_with_cue,images/light_grey_box,images/light_grey_box,images/light_grey_box,images/light_grey_box_with_target,images/light_grey_box,0,0,0.15,0,1,1,5,,,,,,,,,,,,,58.65800799999852,None,58.65800799999852,None,58.65800799999852,None,59.673817699891515,None,59.673817699891515,None,59.673817699891515,None,0.05,0.2,59.87445999996271,60.00797849998344,59.87445999996271,60.00797849998344,59.87445999996271,60.00797849998344,space,0.40391490003094077,59.87445999996271,None,60.3088252999587,None,,001,2020_Apr_01_2111,experiment,2020.1.3,60.910502398414316,
images/light_grey_box,images/light_grey_box,images/light_grey_box_with_cue,images/light_grey_box,images/light_grey_box_with_target,images/light_grey_box,0,0,0.15,0,2,2,13,,,,,,,,,,,,,60.824275599909015,None,60.824275599909015,None,60.824275599909015,None,61.84002329991199,None,61.84002329991199,None,61.84002329991199,None,0.0,0.15,62.02388879994396,62.14050559990574,62.02388879994396,62.14050559990574,62.02388879994396,62.14050559990574,space,0.29106550000142306,62.02388879994396,None,62.3415590999648,None,,001,2020_Apr_01_2111,experiment,2020.1.3,60.910502398414316,
images/light_grey_box_with_cue,images/light_grey_box,images/light_grey_box,images/light_grey_box,images/light_grey_box,images/light_grey_box_with_target,0,0,0.15,0,3,3,7,,,,,,,,,,,,,62.8432296999963,None,62.8432296999963,None,62.8432296999963,None,63.872381899971515,None,63.872381899971515,None,63.872381899971515,None,0.1,0.25,64.10678609996103,None,64.10678609996103,None,64.10678609996103,None,space,0.11173880007117987,64.10678609996103,None,64.24198149994481,None,,001,2020_Apr_01_2111,experiment,2020.1.3,60.910502398414316,
images/light_grey_box,images/light_grey_box,images/light_grey_box_with_cue,images/light_grey_box,images/light_grey_box_with_target,images/light_grey_box,0,1,1.25,0,4,4,32,,,,,,,,,,,,,64.75674579991028,None,64.75674579991028,None,64.75674579991028,None,65.78767969994806,None,65.78767969994806,None,65.78767969994806,None,0.0,0.15,65.97314559994265,66.1397509999806,65.97314559994265,66.1397509999806,65.97314559994265,66.1397509999806,space,0.4584109000861645,65.97314559994265,None,66.45809919992462,None,,001,2020_Apr_01_2111,experiment,2020.1.3,60.910502398414316,
images/light_grey_box_with_cue,images/light_grey_box,images/light_grey_box,images/light_grey_box,images/light_grey_box,images/light_grey_box,0,0,0.15,0,5,5,8,,,,,,,,,,,,,66.97294959996361,None,66.97294959996361,None,66.97294959996361,None,67.98768209991977,None,67.98768209991977,None,67.98768209991977,None,0.5,0.65,68.15370849997271,68.30588269990403,68.15370849997271,68.30588269990403,68.15370849997271,68.30588269990403,space,0.2709382000612095,68.15370849997271,None,68.44237109995447,None,,001,2020_Apr_01_2111,experiment,2020.1.3,60.910502398414316,
images/light_grey_box_with_cue,images/light_grey_box,images/light_grey_box,images/light_grey_box,images/light_grey_box_with_target,images/light_grey_box,0,1,1.25,0,6,6,20,,,,,,,,,,,,,68.95608959998935,None,68.95608959998935,None,68.95608959998935,None,69.98764129995834,None,69.98764129995834,None,69.98764129995834,None,0.3,0.44999999999999996,70.1722847999772,70.2890176998917,70.1722847999772,70.2890176998917,70.1722847999772,70.2890176998917,space,0.25801570003386587,70.1722847999772,None,70.45649039989803,None,,001,2020_Apr_01_2111,experiment,2020.1.3,60.910502398414316,
images/light_grey_box_with_cue,images/light_grey_box,images/light_grey_box,images/light_grey_box,images/light_grey_box,images/light_grey_box,0,1,1.25,0,7,7,29,,,,,,,,,,,,,70.97212389996275,None,70.97212389996275,None,70.97212389996275,None,72.00030279997736,None,72.00030279997736,None,72.00030279997736,None,0.2,0.35,72.22176829993259,72.37162509991322,72.22176829993259,72.37162509991322,72.22176829993259,72.37162509991322,space,0.5664443999994546,72.22176829993259,None,72.80563729989808,None,,001,2020_Apr_01_2111,experiment,2020.1.3,60.910502398414316,
images/light_grey_box_with_cue,images/light_grey_box,images/light_grey_box,images/light_grey_box,images/light_grey_box,images/light_grey_box,0,1,1.25,0,8,8,28,,,,,,,,,,,,,73.3050713998964,None,73.3050713998964,None,73.3050713998964,None,74.33848399994895,None,74.33848399994895,None,74.33848399994895,None,0.05,0.2,74.5024469998898,74.63795539992861,74.5024469998898,74.63795539992861,74.5024469998898,74.63795539992861,space,0.8935974999330938,74.5024469998898,None,75.42520719999447,None,,001,2020_Apr_01_2111,experiment,2020.1.3,60.910502398414316,
images/light_grey_box_with_cue,images/light_grey_box,images/light_grey_box,images/light_grey_box,images/light_grey_box,images/light_grey_box_with_target,0,1,1.25,0,9,9,27,,,,,,,,,,,,,75.93786079995334,None,75.93786079995334,None,75.93786079995334,None,76.95432769996114,None,76.95432769996114,None,76.95432769996114,None,0.3,0.44999999999999996,77.10443509998731,77.27070139988791,77.10443509998731,77.27070139988791,77.10443509998731,77.27070139988791,space,0.5073932999512181,77.10443509998731,None,77.63881409994792,None,,001,2020_Apr_01_2111,experiment,2020.1.3,60.910502398414316,
images/light_grey_box,images/light_grey_box,images/light_grey_box_with_cue,images/light_grey_box,images/light_grey_box_with_target,images/light_grey_box,0,0,0.15,0,10,10,12,,,,,,,,,,,,,78.15387429995462,None,78.15387429995462,None,78.15387429995462,None,79.16998149990104,None,79.16998149990104,None,79.16998149990104,None,0.2,0.35,79.40384809998795,79.48696409992408,79.40384809998795,79.48696409992408,79.40384809998795,79.48696409992408,space,0.5324514000676572,79.40384809998795,None,79.95486810000148,None,,001,2020_Apr_01_2111,experiment,2020.1.3,60.910502398414316,
images/light_grey_box,images/light_grey_box,images/light_grey_box,images/light_grey_box,images/light_grey_box_with_target,images/light_grey_box,0,1,1.25,0,11,11,35,,,,,,,,,,,,,80.47038859990425,None,80.47038859990425,None,80.47038859990425,None,81.48648409999441,None,81.48648409999441,None,81.48648409999441,None,0.5,0.65,81.70345919998363,81.83643079991452,81.70345919998363,81.83643079991452,81.70345919998363,81.83643079991452,space,0.35155240003950894,81.70345919998363,None,82.0902307999786,None,,001,2020_Apr_01_2111,experiment,2020.1.3,60.910502398414316,
images/light_grey_box,images/light_grey_box,images/light_grey_box_with_cue,images/light_grey_box_with_target,images/light_grey_box,images/light_grey_box,0,0,0.15,0,12,12,16,,,,,,,,,,,,,82.60444819997065,None,82.60444819997065,None,82.60444819997065,None,83.62004159996286,None,83.62004159996286,None,83.62004159996286,None,0.5,0.65,83.76942399994005,84.00280849996489,83.76942399994005,84.00280849996489,83.76942399994005,84.00280849996489,space,0.38275810005143285,83.76942399994005,None,84.17036889994051,None,,001,2020_Apr_01_2111,experiment,2020.1.3,60.910502398414316,
images/light_grey_box_with_cue,images/light_grey_box,images/light_grey_box,images/light_grey_box,images/light_grey_box_with_target,images/light_grey_box,0,1,1.25,0,13,13,22,,,,,,,,,,,,,84.68597939994652,None,84.68597939994652,None,84.68597939994652,None,85.71775779989548,None,85.71775779989548,None,85.71775779989548,None,0.2,0.35,85.86359449999873,86.06925859989133,85.86359449999873,86.06925859989133,85.86359449999873,86.06925859989133,space,0.5814900000113994,85.86359449999873,None,86.47352729993872,None,,001,2020_Apr_01_2111,experiment,2020.1.3,60.910502398414316,
images/light_grey_box,images/light_grey_box,images/light_grey_box_with_cue,images/light_grey_box,images/light_grey_box,images/light_grey_box_with_target,0,1,1.25,0,14,14,37,,,,,,,,,,,,,86.98564619990066,None,86.98564619990066,None,86.98564619990066,None,88.00244179996662,None,88.00244179996662,None,88.00244179996662,None,0.1,0.25,88.23694239999168,88.33781519997865,88.23694239999168,88.33781519997865,88.23694239999168,88.33781519997865,space,0.647254400071688,88.23694239999168,None,88.90338699996937,None,,001,2020_Apr_01_2111,experiment,2020.1.3,60.910502398414316,
images/light_grey_box,images/light_grey_box,images/light_grey_box_with_cue,images/light_grey_box,images/light_grey_box,images/light_grey_box,0,0,0.15,0,15,15,18,,,,,,,,,,,,,89.40493869991042,None,89.40493869991042,None,89.40493869991042,None,90.43669439991936,None,90.43669439991936,None,90.43669439991936,None,0.2,0.35,90.6371750999242,90.75516849989071,90.6371750999242,90.75516849989071,90.6371750999242,90.75516849989071,space,0.5435844999738038,90.6371750999242,None,91.20388449996244,None,,001,2020_Apr_01_2111,experiment,2020.1.3,60.910502398414316,
images/light_grey_box,images/light_grey_box,images/light_grey_box_with_cue,images/light_grey_box,images/light_grey_box,images/light_grey_box,0,0,0.15,0,16,16,19,,,,,,,,,,,,,91.71848339994904,None,91.71848339994904,None,91.71848339994904,None,92.75609189993702,None,92.75609189993702,None,92.75609189993702,None,0.05,0.2,92.96776439994574,93.10080409992952,92.96776439994574,93.10080409992952,92.96776439994574,93.10080409992952,space,0.9088883000658825,92.96776439994574,None,93.90258799993899,None,,001,2020_Apr_01_2111,experiment,2020.1.3,60.910502398414316,
images/light_grey_box_with_cue,images/light_grey_box,images/light_grey_box,images/light_grey_box,images/light_grey_box_with_target,images/light_grey_box,0,0,0.15,0,17,17,4,,,,,,,,,,,,,94.41745169996284,None,94.41745169996284,None,94.41745169996284,None,95.43314239999745,None,95.43314239999745,None,95.43314239999745,None,0.5,0.65,95.66729769995436,95.7169538999442,95.66729769995436,95.7169538999442,95.66729769995436,95.7169538999442,space,0.34153179998975247,95.66729769995436,None,96.03474419994745,None,,001,2020_Apr_01_2111,experiment,2020.1.3,60.910502398414316,
images/light_grey_box_with_cue,images/light_grey_box,images/light_grey_box,images/light_grey_box,images/light_grey_box_with_target,images/light_grey_box,0,1,1.25,0,18,18,24,,,,,,,,,,,,,96.5504590999335,None,96.5504590999335,None,96.5504590999335,None,97.58594649995212,None,97.58594649995212,None,97.58594649995212,None,0.1,0.25,97.81682269996963,97.90189719991758,97.81682269996963,97.90189719991758,97.81682269996963,97.90189719991758,space,0.2923126999521628,97.81682269996963,None,98.13712089997716,None,,001,2020_Apr_01_2111,experiment,2020.1.3,60.910502398414316,
images/light_grey_box,images/light_grey_box,images/light_grey_box_with_cue,images/light_grey_box,images/light_grey_box,images/light_grey_box,0,1,1.25,0,19,19,39,,,,,,,,,,,,,98.65162009990308,None,98.65162009990308,None,98.65162009990308,None,99.68543289997615,None,99.68543289997615,None,99.68543289997615,None,0.0,0.15,99.93296049989294,100.08270359993912,99.93296049989294,100.08270359993912,99.93296049989294,100.08270359993912,space,0.5057118999538943,99.93296049989294,None,100.46700519998558,None,,001,2020_Apr_01_2111,experiment,2020.1.3,60.910502398414316,
images/light_grey_box,images/light_grey_box,images/light_grey_box_with_cue,images/light_grey_box,images/light_grey_box_with_target,images/light_grey_box,0,1,1.25,0,20,20,31,,,,,,,,,,,,,100.9685235999059,None,100.9685235999059,None,100.9685235999059,None,101.99992559989914,None,101.99992559989914,None,101.99992559989914,None,0.2,0.35,102.18262379989028,102.35043289989699,102.18262379989028,102.35043289989699,102.18262379989028,102.35043289989699,space,0.255904300021939,102.18262379989028,None,102.46931739989668,None,,001,2020_Apr_01_2111,experiment,2020.1.3,60.910502398414316,
images/light_grey_box,images/light_grey_box,images/light_grey_box_with_cue,images/light_grey_box,images/light_grey_box,images/light_grey_box,0,1,1.25,0,21,21,38,,,,,,,,,,,,,102.98355969996192,None,102.98355969996192,None,102.98355969996192,None,104.02244279999286,None,104.02244279999286,None,104.02244279999286,None,0.3,0.44999999999999996,104.15144339995459,104.38204499997664,104.15144339995459,104.38204499997664,104.15144339995459,104.38204499997664,space,0.3134145999792963,104.15144339995459,None,104.48290149995591,None,,001,2020_Apr_01_2111,experiment,2020.1.3,60.910502398414316,
