﻿image_cue_1,image_cue_2,image_cue_3,image_target_1,image_target_2,image_target_3,targetStart,startTime,endTime,trials.thisRepN,trials.thisTrialN,trials.thisN,trials.thisIndex,textWelcome.started,textWelcome.stopped,keyWelcome.keys,keyWelcome.rt,keyWelcome.started,keyWelcome.stopped,textStart.started,textStart.stopped,keyStart.keys,keyStart.rt,keyStart.started,keyStart.stopped,imageTrailBefore_1.started,imageTrailBefore_1.stopped,imageTrialBefore_2.started,imageTrialBefore_2.stopped,imageTrialBefore_3.started,imageTrialBefore_3.stopped,imageTrialCue_1.started,imageTrialCue_1.stopped,imageTrialCue_2.started,imageTrialCue_2.stopped,imageTrialCue_3.started,imageTrialCue_3.stopped,imageTrialTarget_1.started,imageTrialTarget_1.stopped,imageTrialTarget_2.started,imageTrialTarget_2.stopped,imageTrialTarget_3.started,imageTrialTarget_3.stopped,keyResponse.keys,keyResponse.rt,keyResponse.started,keyResponse.stopped,textBlank500.started,textBlank500.stopped,participant,session,date,expName,psychopyVersion,frameRate,
,,,,,,,,,,,,,13.452950299950317,None,space,0.6026366000296548,13.452950299950317,None,,,,,,,,,,,,,,,,,,,,,,,,,,,,,,,,001,2020_Apr_01_2020,experiment,2020.1.3,60.46066190585748,
,,,,,,,,,,,,,,,,,,,14.074989499989897,None,space,0.3807653000112623,14.074989499989897,None,,,,,,,,,,,,,,,,,,,,,,,,,,001,2020_Apr_01_2020,experiment,2020.1.3,60.46066190585748,
images/light_grey_box_with_cue,images/light_grey_box,images/light_grey_box,images/light_grey_box,images/light_grey_box,images/light_grey_box,0,0.0,0.15,0,0,0,9,,,,,,,,,,,,,14.57163749996107,None,14.57163749996107,None,14.57163749996107,None,15.608627900015563,None,15.608627900015563,None,15.608627900015563,None,15.676397899980657,15.805779499933124,15.676397899980657,15.805779499933124,15.676397899980657,15.805779499933124,space,4.852921500103548,15.676397899980657,None,20.555653700022958,None,,001,2020_Apr_01_2020,experiment,2020.1.3,60.46066190585748,
images/light_grey_box_with_cue,images/light_grey_box,images/light_grey_box,images/light_grey_box,images/light_grey_box,images/light_grey_box,0,0.05,0.2,0,1,1,28,,,,,,,,,,,,,21.071028399979696,None,21.071028399979696,None,21.071028399979696,None,22.079265899956226,None,22.079265899956226,None,22.079265899956226,None,22.270076800021343,22.42031970003154,22.270076800021343,22.42031970003154,22.270076800021343,22.42031970003154,space,0.7121457000030205,22.270076800021343,None,23.005313899950124,None,,001,2020_Apr_01_2020,experiment,2020.1.3,60.46066190585748,
images/light_grey_box_with_cue,images/light_grey_box,images/light_grey_box,images/light_grey_box,images/light_grey_box_with_target,images/light_grey_box,0,0.05,0.2,0,2,2,23,,,,,,,,,,,,,23.522019600030035,None,23.522019600030035,None,23.522019600030035,None,24.52970469999127,None,24.52970469999127,None,24.52970469999127,None,24.770708699943498,24.92058499995619,24.770708699943498,24.92058499995619,24.770708699943498,24.92058499995619,space,0.29635880002751946,24.770708699943498,None,25.094822600018233,None,,001,2020_Apr_01_2020,experiment,2020.1.3,60.46066190585748,
images/light_grey_box,images/light_grey_box,images/light_grey_box_with_cue,images/light_grey_box,images/light_grey_box,images/light_grey_box_with_target,0,0.0,0.15,0,3,3,17,,,,,,,,,,,,,25.603335399995558,None,25.603335399995558,None,25.603335399995558,None,26.628050199942663,None,26.628050199942663,None,26.628050199942663,None,26.778669900028035,26.92222159996163,26.778669900028035,26.92222159996163,26.778669900028035,26.92222159996163,space,0.2987124000210315,26.778669900028035,None,27.108037999947555,None,,001,2020_Apr_01_2020,experiment,2020.1.3,60.46066190585748,
images/light_grey_box_with_cue,images/light_grey_box,images/light_grey_box,images/light_grey_box,images/light_grey_box_with_target,images/light_grey_box,0,0.05,0.2,0,4,4,22,,,,,,,,,,,,,27.622509800014086,None,27.622509800014086,None,27.622509800014086,None,28.64227710000705,None,28.64227710000705,None,28.64227710000705,None,28.836017700028606,28.985596299986355,28.836017700028606,28.985596299986355,28.836017700028606,28.985596299986355,space,0.21640349994413555,28.836017700028606,None,29.072754199965857,None,,001,2020_Apr_01_2020,experiment,2020.1.3,60.46066190585748,
images/light_grey_box,images/light_grey_box,images/light_grey_box_with_cue,images/light_grey_box,images/light_grey_box_with_target,images/light_grey_box,0,0.0,0.15,0,5,5,10,,,,,,,,,,,,,29.589219599962234,None,29.589219599962234,None,29.589219599962234,None,30.593123900005594,None,30.593123900005594,None,30.593123900005594,None,30.744484500028193,30.88832469994668,30.744484500028193,30.88832469994668,30.744484500028193,30.88832469994668,space,0.2444164000917226,30.744484500028193,None,31.02295769995544,None,,001,2020_Apr_01_2020,experiment,2020.1.3,60.46066190585748,
images/light_grey_box,images/light_grey_box,images/light_grey_box_with_cue,images/light_grey_box,images/light_grey_box_with_target,images/light_grey_box,0,0.0,0.15,0,6,6,11,,,,,,,,,,,,,31.535116199986078,None,31.535116199986078,None,31.535116199986078,None,32.54336999997031,None,32.54336999997031,None,32.54336999997031,None,32.708937900024466,32.8550865999423,32.708937900024466,32.8550865999423,32.708937900024466,32.8550865999423,space,0.2361986000323668,32.708937900024466,None,32.9739676999161,None,,001,2020_Apr_01_2020,experiment,2020.1.3,60.46066190585748,
images/light_grey_box,images/light_grey_box,images/light_grey_box_with_cue,images/light_grey_box_with_target,images/light_grey_box,images/light_grey_box,0,0.0,0.15,0,7,7,16,,,,,,,,,,,,,33.48508269991726,None,33.48508269991726,None,33.48508269991726,None,34.49356899992563,None,34.49356899992563,None,34.49356899992563,None,34.64387040003203,34.78760339994915,34.64387040003203,34.78760339994915,34.64387040003203,34.78760339994915,space,0.27889560000039637,34.64387040003203,None,34.958326400024816,None,,001,2020_Apr_01_2020,experiment,2020.1.3,60.46066190585748,
images/light_grey_box,images/light_grey_box,images/light_grey_box,images/light_grey_box,images/light_grey_box_with_target,images/light_grey_box,0,0.05,0.2,0,8,8,36,,,,,,,,,,,,,35.470285399933346,None,35.470285399933346,None,35.470285399933346,None,36.47558430000208,None,36.47558430000208,None,36.47558430000208,None,36.66756199998781,36.80077949992847,36.66756199998781,36.80077949992847,36.66756199998781,36.80077949992847,space,0.26989770005457103,36.66756199998781,None,36.95632959995419,None,,001,2020_Apr_01_2020,experiment,2020.1.3,60.46066190585748,
images/light_grey_box_with_cue,images/light_grey_box,images/light_grey_box,images/light_grey_box,images/light_grey_box_with_target,images/light_grey_box,0,0.0,0.15,0,9,9,3,,,,,,,,,,,,,37.47062429995276,None,37.47062429995276,None,37.47062429995276,None,38.48639789992012,None,38.48639789992012,None,38.48639789992012,None,38.63621000002604,38.7689221999608,38.63621000002604,38.7689221999608,38.63621000002604,38.7689221999608,space,0.3243940999964252,38.63621000002604,None,38.98864370002411,None,,001,2020_Apr_01_2020,experiment,2020.1.3,60.46066190585748,
images/light_grey_box,images/light_grey_box,images/light_grey_box_with_cue,images/light_grey_box,images/light_grey_box,images/light_grey_box,0,0.0,0.15,0,10,10,18,,,,,,,,,,,,,39.500231300015,None,39.500231300015,None,39.500231300015,None,40.52198389999103,None,40.52198389999103,None,40.52198389999103,None,40.669097999925725,40.80127649998758,40.669097999925725,40.80127649998758,40.669097999925725,40.80127649998758,space,0.2561389000620693,40.669097999925725,None,40.95513559994288,None,,001,2020_Apr_01_2020,experiment,2020.1.3,60.46066190585748,
images/light_grey_box,images/light_grey_box,images/light_grey_box_with_cue,images/light_grey_box,images/light_grey_box,images/light_grey_box,0,0.0,0.15,0,11,11,19,,,,,,,,,,,,,41.466814999934286,None,41.466814999934286,None,41.466814999934286,None,42.47448610002175,None,42.47448610002175,None,42.47448610002175,None,42.6362369999988,42.7663827999495,42.6362369999988,42.7663827999495,42.6362369999988,42.7663827999495,space,0.2888004999840632,42.6362369999988,None,42.95477289997507,None,,001,2020_Apr_01_2020,experiment,2020.1.3,60.46066190585748,
images/light_grey_box,images/light_grey_box,images/light_grey_box_with_cue,images/light_grey_box,images/light_grey_box_with_target,images/light_grey_box,0,0.05,0.2,0,12,12,30,,,,,,,,,,,,,43.46922169998288,None,43.46922169998288,None,43.46922169998288,None,44.47349000000395,None,44.47349000000395,None,44.47349000000395,None,44.682663599960506,44.815660499967635,44.682663599960506,44.815660499967635,44.682663599960506,44.815660499967635,space,1.508750999928452,44.682663599960506,None,46.22095560003072,None,,001,2020_Apr_01_2020,experiment,2020.1.3,60.46066190585748,
images/light_grey_box_with_cue,images/light_grey_box,images/light_grey_box,images/light_grey_box,images/light_grey_box,images/light_grey_box,0,0.0,0.15,0,13,13,8,,,,,,,,,,,,,46.734852400026284,None,46.734852400026284,None,46.734852400026284,None,47.74825109995436,None,47.74825109995436,None,47.74825109995436,None,47.894388400018215,48.01597850001417,47.894388400018215,48.01597850001417,47.894388400018215,48.01597850001417,space,0.5411809000652283,47.894388400018215,None,48.46495159994811,None,,001,2020_Apr_01_2020,experiment,2020.1.3,60.46066190585748,
images/light_grey_box_with_cue,images/light_grey_box,images/light_grey_box,images/light_grey_box,images/light_grey_box_with_target,images/light_grey_box,0,0.05,0.2,0,14,14,20,,,,,,,,,,,,,48.968677799915895,None,48.968677799915895,None,48.968677799915895,None,49.994664199999534,None,49.994664199999534,None,49.994664199999534,None,50.181149899959564,50.33178999996744,50.181149899959564,50.33178999996744,50.181149899959564,50.33178999996744,space,0.2568280999548733,50.181149899959564,None,50.4669445999898,None,,001,2020_Apr_01_2020,experiment,2020.1.3,60.46066190585748,
images/light_grey_box_with_cue,images/light_grey_box,images/light_grey_box,images/light_grey_box,images/light_grey_box_with_target,images/light_grey_box,0,0.0,0.15,0,15,15,1,,,,,,,,,,,,,50.981705499929376,None,50.981705499929376,None,50.981705499929376,None,51.990808599977754,None,51.990808599977754,None,51.990808599977754,None,52.14043709996622,52.28063509997446,52.14043709996622,52.28063509997446,52.14043709996622,52.28063509997446,space,0.3441370000364259,52.14043709996622,None,52.51501199998893,None,,001,2020_Apr_01_2020,experiment,2020.1.3,60.46066190585748,
,,,,,,,,,,,,,,,,,,,,,,,,,53.014648300013505,None,53.014648300013505,None,53.014648300013505,None,,,,,,,,,,,,,,,,,,,,,,,,,
