﻿image_cue_1,image_cue_2,image_cue_3,image_target_1,image_target_2,image_target_3,corrAns,trials.thisRepN,trials.thisTrialN,trials.thisN,trials.thisIndex,textWelcome.started,textWelcome.stopped,keyWelcome.keys,keyWelcome.rt,keyWelcome.started,keyWelcome.stopped,textStart.started,textStart.stopped,keyStart.keys,keyStart.rt,keyStart.started,keyStart.stopped,imageTrailBefore_1.started,imageTrailBefore_1.stopped,imageTrialBefore_2.started,imageTrialBefore_2.stopped,imageTrialBefore_3.started,imageTrialBefore_3.stopped,imageTrialCue_1.started,imageTrialCue_1.stopped,imageTrialCue_2.started,imageTrialCue_2.stopped,imageTrialCue_3.started,imageTrialCue_3.stopped,imageTrialTarget_1.started,imageTrialTarget_1.stopped,imageTrialTarget_2.started,imageTrialTarget_2.stopped,imageTrialTarget_3.started,imageTrialTarget_3.stopped,keyResponse.keys,keyResponse.corr,keyResponse.rt,keyResponse.started,keyResponse.stopped,textBlank500.started,textBlank500.stopped,participant,session,date,expName,psychopyVersion,frameRate,
,,,,,,,,,,,9.583803899935447,None,space,3.2076187999919057,9.583803899935447,None,,,,,,,,,,,,,,,,,,,,,,,,,,,,,,,,,001,2020_Apr_01_1615,experiment,2020.1.3,60.364602176516065,
,,,,,,,,,,,,,,,,,12.812917299917899,None,space,0.8619103999808431,12.812917299917899,None,,,,,,,,,,,,,,,,,,,,,,,,,,,001,2020_Apr_01_1615,experiment,2020.1.3,60.364602176516065,
images/light_grey_box_with_cue,images/light_grey_box,images/light_grey_box,images/light_grey_box,images/light_grey_box_with_target,images/light_grey_box,down,0,0,0,3,,,,,,,,,,,,,13.791790199931711,None,13.791790199931711,None,13.791790199931711,None,14.76292220002506,None,14.76292220002506,None,14.76292220002506,None,15.772128899930976,None,15.772128899930976,None,15.772128899930976,None,down,1,0.7668065000325441,15.772128899930976,None,16.557641500025056,None,,001,2020_Apr_01_1615,experiment,2020.1.3,60.364602176516065,
images/light_grey_box,images/light_grey_box,images/light_grey_box_with_cue,images/light_grey_box,images/light_grey_box,images/light_grey_box_with_target,right,0,1,1,17,,,,,,,,,,,,,17.07462349999696,None,17.07462349999696,None,17.07462349999696,None,18.092613799963146,None,18.092613799963146,None,18.092613799963146,None,19.096145799965598,None,19.096145799965598,None,19.096145799965598,None,right,1,0.7017836000304669,19.096145799965598,None,19.82267669995781,None,,001,2020_Apr_01_1615,experiment,2020.1.3,60.364602176516065,
images/light_grey_box,images/light_grey_box,images/light_grey_box_with_cue,images/light_grey_box,images/light_grey_box_with_target,images/light_grey_box,down,0,2,2,13,,,,,,,,,,,,,20.338143099914305,None,20.338143099914305,None,20.338143099914305,None,21.352964999969117,None,21.352964999969117,None,21.352964999969117,None,22.3500377999153,23.357621799921617,22.3500377999153,23.357621799921617,22.3500377999153,23.357621799921617,up,0,2.145221499959007,22.3500377999153,None,24.52457999996841,None,,001,2020_Apr_01_1615,experiment,2020.1.3,60.364602176516065,
images/light_grey_box_with_cue,images/light_grey_box,images/light_grey_box,images/light_grey_box,images/light_grey_box_with_target,images/light_grey_box,down,0,3,3,2,,,,,,,,,,,,,25.03720100002829,None,25.03720100002829,None,25.03720100002829,None,26.04974049993325,None,26.04974049993325,None,26.04974049993325,None,27.060552099952474,28.06981050001923,27.060552099952474,28.06981050001923,27.060552099952474,28.06981050001923,down,1,2.9216270999750122,27.060552099952474,None,30.009716899949126,None,,001,2020_Apr_01_1615,experiment,2020.1.3,60.364602176516065,
images/light_grey_box,images/light_grey_box,images/light_grey_box_with_cue,images/light_grey_box,images/light_grey_box,images/light_grey_box,up,0,4,4,18,,,,,,,,,,,,,30.520920499926433,None,30.520920499926433,None,30.520920499926433,None,31.54442419996485,None,31.54442419996485,None,31.54442419996485,None,32.53082520002499,33.53539600002114,32.53082520002499,33.53539600002114,32.53082520002499,33.53539600002114,up,1,3.9044548000674695,32.53082520002499,None,36.45291759993415,None,,001,2020_Apr_01_1615,experiment,2020.1.3,60.364602176516065,
images/light_grey_box_with_cue,images/light_grey_box,images/light_grey_box,images/light_grey_box,images/light_grey_box_with_target,images/light_grey_box,down,0,5,5,5,,,,,,,,,,,,,36.96791659994051,None,36.96791659994051,None,36.96791659994051,None,37.980525300023146,None,37.980525300023146,None,37.980525300023146,None,38.99703450000379,None,38.99703450000379,None,38.99703450000379,None,down,1,0.7478907000040635,38.99703450000379,None,39.77284380001947,None,,001,2020_Apr_01_1615,experiment,2020.1.3,60.364602176516065,
,,,,,,,,,,,,,,,,,,,,,,,40.28594570001587,None,40.28594570001587,None,40.28594570001587,None,,,,,,,,,,,,,,,,,,,,,,,,,,
