﻿image_cue_1,image_cue_2,image_cue_3,image_target_1,image_target_2,image_target_3,trials.thisRepN,trials.thisTrialN,trials.thisN,trials.thisIndex,textWelcome.started,textWelcome.stopped,keyWelcome.keys,keyWelcome.rt,keyWelcome.started,keyWelcome.stopped,textStart.started,textStart.stopped,keyStart.keys,keyStart.rt,keyStart.started,keyStart.stopped,imageTrailBefore_1.started,imageTrailBefore_1.stopped,imageTrialBefore_2.started,imageTrialBefore_2.stopped,imageTrialBefore_3.started,imageTrialBefore_3.stopped,imageTrialCue_1.started,imageTrialCue_1.stopped,imageTrialCue_2.started,imageTrialCue_2.stopped,imageTrialCue_3.started,imageTrialCue_3.stopped,participant,session,date,expName,psychopyVersion,frameRate,
,,,,,,,,,,16.39888760005124,None,space,3.568964899983257,16.39888760005124,None,,,,,,,,,,,,,,,,,,,,001,2020_Apr_01_1524,experiment,2020.1.3,59.848236841980324,
,,,,,,,,,,,,,,,,20.014174800016917,None,space,1.1723028999986127,20.014174800016917,None,,,,,,,,,,,,,,001,2020_Apr_01_1524,experiment,2020.1.3,59.848236841980324,
images/light_grey_box,images/light_grey_box,images/light_grey_box_with_cue,images/light_grey_box,images/light_grey_box,images/light_grey_box,0,0,0,18,,,,,,,,,,,,,21.561829400015995,None,21.561829400015995,None,21.561829400015995,None,23.35074090003036,None,23.35074090003036,None,23.35074090003036,None,,001,2020_Apr_01_1524,experiment,2020.1.3,59.848236841980324,
images/light_grey_box,images/light_grey_box,images/light_grey_box_with_cue,images/light_grey_box_with_target,images/light_grey_box,images/light_grey_box,0,1,1,16,,,,,,,,,,,,,24.22949460009113,None,24.22949460009113,None,24.22949460009113,None,26.26169270009268,None,26.26169270009268,None,26.26169270009268,None,,001,2020_Apr_01_1524,experiment,2020.1.3,59.848236841980324,
images/light_grey_box_with_cue,images/light_grey_box,images/light_grey_box,images/light_grey_box,images/light_grey_box_with_target,images/light_grey_box,0,2,2,2,,,,,,,,,,,,,27.23086610005703,None,27.23086610005703,None,27.23086610005703,None,29.269506400101818,None,29.269506400101818,None,29.269506400101818,None,,001,2020_Apr_01_1524,experiment,2020.1.3,59.848236841980324,
images/light_grey_box_with_cue,images/light_grey_box,images/light_grey_box,images/light_grey_box_with_target,images/light_grey_box,images/light_grey_box,0,3,3,6,,,,,,,,,,,,,30.2276991000399,None,30.2276991000399,None,30.2276991000399,None,32.24616420001257,None,32.24616420001257,None,32.24616420001257,None,,001,2020_Apr_01_1524,experiment,2020.1.3,59.848236841980324,
images/light_grey_box,images/light_grey_box,images/light_grey_box_with_cue,images/light_grey_box,images/light_grey_box_with_target,images/light_grey_box,0,4,4,13,,,,,,,,,,,,,33.227531300042756,None,33.227531300042756,None,33.227531300042756,None,35.24351010005921,None,35.24351010005921,None,35.24351010005921,None,,001,2020_Apr_01_1524,experiment,2020.1.3,59.848236841980324,
