﻿image_cue_1,image_cue_2,image_cue_3,image_target_1,image_target_2,image_target_3,trials.thisRepN,trials.thisTrialN,trials.thisN,trials.thisIndex,textWelcome.started,textWelcome.stopped,keyWelcome.keys,keyWelcome.rt,keyWelcome.started,keyWelcome.stopped,textStart.started,textStart.stopped,keyStart.keys,keyStart.rt,keyStart.started,keyStart.stopped,imageTrailBefore_1.started,imageTrailBefore_1.stopped,imageTrialBefore_2.started,imageTrialBefore_2.stopped,imageTrialBefore_3.started,imageTrialBefore_3.stopped,imageTrialCue_1.started,imageTrialCue_1.stopped,imageTrialCue_2.started,imageTrialCue_2.stopped,imageTrialCue_3.started,imageTrialCue_3.stopped,imageTrialTarget_1.started,imageTrialTarget_1.stopped,imageTrialTarget_2.started,imageTrialTarget_2.stopped,imageTrialTarget_3.started,imageTrialTarget_3.stopped,participant,session,date,expName,psychopyVersion,frameRate,
,,,,,,,,,,10.183805700042285,None,space,0.9790866000112146,10.183805700042285,None,,,,,,,,,,,,,,,,,,,,,,,,,,001,2020_Apr_01_1532,experiment,2020.1.3,60.11204885851602,
,,,,,,,,,,,,,,,,11.183348900056444,None,space,0.3737466000020504,11.183348900056444,None,,,,,,,,,,,,,,,,,,,,001,2020_Apr_01_1532,experiment,2020.1.3,60.11204885851602,
images/light_grey_box,images/light_grey_box,images/light_grey_box_with_cue,images/light_grey_box,images/light_grey_box,images/light_grey_box,0,0,0,18,,,,,,,,,,,,,11.642911400063895,None,11.642911400063895,None,11.642911400063895,None,12.630979200010188,None,12.630979200010188,None,12.630979200010188,None,13.626948400051333,None,13.626948400051333,None,13.626948400051333,None,,001,2020_Apr_01_1532,experiment,2020.1.3,60.11204885851602,
images/light_grey_box_with_cue,images/light_grey_box,images/light_grey_box,images/light_grey_box,images/light_grey_box,images/light_grey_box,0,1,1,8,,,,,,,,,,,,,14.593702899990603,None,14.593702899990603,None,14.593702899990603,None,15.610364200081676,None,15.610364200081676,None,15.610364200081676,None,16.608069500070997,None,16.608069500070997,None,16.608069500070997,None,,001,2020_Apr_01_1532,experiment,2020.1.3,60.11204885851602,
images/light_grey_box_with_cue,images/light_grey_box,images/light_grey_box,images/light_grey_box,images/light_grey_box_with_target,images/light_grey_box,0,2,2,2,,,,,,,,,,,,,17.59286139998585,None,17.59286139998585,None,17.59286139998585,None,18.609698500018567,None,18.609698500018567,None,18.609698500018567,None,19.608351600007154,None,19.608351600007154,None,19.608351600007154,None,,001,2020_Apr_01_1532,experiment,2020.1.3,60.11204885851602,
images/light_grey_box,images/light_grey_box,images/light_grey_box_with_cue,images/light_grey_box,images/light_grey_box_with_target,images/light_grey_box,0,3,3,13,,,,,,,,,,,,,20.592888400075026,None,20.592888400075026,None,20.592888400075026,None,21.60938050004188,None,21.60938050004188,None,21.60938050004188,None,22.608272399986163,None,22.608272399986163,None,22.608272399986163,None,,001,2020_Apr_01_1532,experiment,2020.1.3,60.11204885851602,
images/light_grey_box_with_cue,images/light_grey_box,images/light_grey_box,images/light_grey_box,images/light_grey_box_with_target,images/light_grey_box,0,4,4,4,,,,,,,,,,,,,23.592257900047116,None,23.592257900047116,None,23.592257900047116,None,24.608172900043428,None,24.608172900043428,None,24.608172900043428,None,25.60712250007782,None,25.60712250007782,None,25.60712250007782,None,,001,2020_Apr_01_1532,experiment,2020.1.3,60.11204885851602,
images/light_grey_box_with_cue,images/light_grey_box,images/light_grey_box,images/light_grey_box,images/light_grey_box_with_target,images/light_grey_box,0,5,5,5,,,,,,,,,,,,,26.59095540002454,None,26.59095540002454,None,26.59095540002454,None,27.60860150004737,None,27.60860150004737,None,27.60860150004737,None,28.606551100034267,None,28.606551100034267,None,28.606551100034267,None,,001,2020_Apr_01_1532,experiment,2020.1.3,60.11204885851602,
images/light_grey_box_with_cue,images/light_grey_box,images/light_grey_box,images/light_grey_box,images/light_grey_box_with_target,images/light_grey_box,0,6,6,0,,,,,,,,,,,,,29.590617600013502,None,29.590617600013502,None,29.590617600013502,None,30.607028800062835,None,30.607028800062835,None,30.607028800062835,None,31.606487300014123,None,31.606487300014123,None,31.606487300014123,None,,001,2020_Apr_01_1532,experiment,2020.1.3,60.11204885851602,
images/light_grey_box,images/light_grey_box,images/light_grey_box_with_cue,images/light_grey_box,images/light_grey_box,images/light_grey_box,0,7,7,19,,,,,,,,,,,,,32.59001280006487,None,32.59001280006487,None,32.59001280006487,None,33.60607560002245,None,33.60607560002245,None,33.60607560002245,None,34.604369300068356,None,34.604369300068356,None,34.604369300068356,None,,001,2020_Apr_01_1532,experiment,2020.1.3,60.11204885851602,
images/light_grey_box,images/light_grey_box,images/light_grey_box_with_cue,images/light_grey_box,images/light_grey_box_with_target,images/light_grey_box,0,8,8,10,,,,,,,,,,,,,35.58944640005939,None,35.58944640005939,None,35.58944640005939,None,36.60573900002055,None,36.60573900002055,None,36.60573900002055,None,37.605624700081535,None,37.605624700081535,None,37.605624700081535,None,,001,2020_Apr_01_1532,experiment,2020.1.3,60.11204885851602,
images/light_grey_box,images/light_grey_box,images/light_grey_box_with_cue,images/light_grey_box_with_target,images/light_grey_box,images/light_grey_box,0,9,9,16,,,,,,,,,,,,,38.5888782000402,None,38.5888782000402,None,38.5888782000402,None,39.60764250007924,None,39.60764250007924,None,39.60764250007924,None,40.60537920007482,None,40.60537920007482,None,40.60537920007482,None,,001,2020_Apr_01_1532,experiment,2020.1.3,60.11204885851602,
images/light_grey_box,images/light_grey_box,images/light_grey_box_with_cue,images/light_grey_box,images/light_grey_box,images/light_grey_box_with_target,0,10,10,17,,,,,,,,,,,,,41.58807080006227,None,41.58807080006227,None,41.58807080006227,None,42.60340400005225,None,42.60340400005225,None,42.60340400005225,None,43.603515200084075,None,43.603515200084075,None,43.603515200084075,None,,001,2020_Apr_01_1532,experiment,2020.1.3,60.11204885851602,
images/light_grey_box_with_cue,images/light_grey_box,images/light_grey_box,images/light_grey_box,images/light_grey_box_with_target,images/light_grey_box,0,11,11,1,,,,,,,,,,,,,44.587432700092904,None,44.587432700092904,None,44.587432700092904,None,45.603523100027815,None,45.603523100027815,None,45.603523100027815,None,46.60274240002036,None,46.60274240002036,None,46.60274240002036,None,,001,2020_Apr_01_1532,experiment,2020.1.3,60.11204885851602,
images/light_grey_box,images/light_grey_box,images/light_grey_box_with_cue,images/light_grey_box,images/light_grey_box_with_target,images/light_grey_box,0,12,12,14,,,,,,,,,,,,,47.587037199991755,None,47.587037199991755,None,47.587037199991755,None,48.6020950000966,None,48.6020950000966,None,48.6020950000966,None,49.60137060005218,None,49.60137060005218,None,49.60137060005218,None,,001,2020_Apr_01_1532,experiment,2020.1.3,60.11204885851602,
images/light_grey_box,images/light_grey_box,images/light_grey_box_with_cue,images/light_grey_box,images/light_grey_box_with_target,images/light_grey_box,0,13,13,15,,,,,,,,,,,,,50.5865499000065,None,50.5865499000065,None,50.5865499000065,None,51.60208820004482,None,51.60208820004482,None,51.60208820004482,None,52.60267649998423,None,52.60267649998423,None,52.60267649998423,None,,001,2020_Apr_01_1532,experiment,2020.1.3,60.11204885851602,
images/light_grey_box,images/light_grey_box,images/light_grey_box_with_cue,images/light_grey_box,images/light_grey_box_with_target,images/light_grey_box,0,14,14,11,,,,,,,,,,,,,53.585957500035875,None,53.585957500035875,None,53.585957500035875,None,54.60636269999668,None,54.60636269999668,None,54.60636269999668,None,55.600768200005405,None,55.600768200005405,None,55.600768200005405,None,,001,2020_Apr_01_1532,experiment,2020.1.3,60.11204885851602,
images/light_grey_box_with_cue,images/light_grey_box,images/light_grey_box,images/light_grey_box,images/light_grey_box,images/light_grey_box,0,15,15,9,,,,,,,,,,,,,56.585767599986866,None,56.585767599986866,None,56.585767599986866,None,57.60227680008393,None,57.60227680008393,None,57.60227680008393,None,58.597798800095916,None,58.597798800095916,None,58.597798800095916,None,,001,2020_Apr_01_1532,experiment,2020.1.3,60.11204885851602,
images/light_grey_box_with_cue,images/light_grey_box,images/light_grey_box,images/light_grey_box_with_target,images/light_grey_box,images/light_grey_box,0,16,16,6,,,,,,,,,,,,,59.58387870003935,None,59.58387870003935,None,59.58387870003935,None,60.60008410003502,None,60.60008410003502,None,60.60008410003502,None,61.60237069998402,None,61.60237069998402,None,61.60237069998402,None,,001,2020_Apr_01_1532,experiment,2020.1.3,60.11204885851602,
images/light_grey_box_with_cue,images/light_grey_box,images/light_grey_box,images/light_grey_box,images/light_grey_box_with_target,images/light_grey_box,0,17,17,3,,,,,,,,,,,,,62.58397730009165,None,62.58397730009165,None,62.58397730009165,None,63.60587810003199,None,63.60587810003199,None,63.60587810003199,None,64.60151429998223,None,64.60151429998223,None,64.60151429998223,None,,001,2020_Apr_01_1532,experiment,2020.1.3,60.11204885851602,
images/light_grey_box_with_cue,images/light_grey_box,images/light_grey_box,images/light_grey_box,images/light_grey_box,images/light_grey_box_with_target,0,18,18,7,,,,,,,,,,,,,65.58353020006325,None,65.58353020006325,None,65.58353020006325,None,66.5981661999831,None,66.5981661999831,None,66.5981661999831,None,67.60113590001129,None,67.60113590001129,None,67.60113590001129,None,,001,2020_Apr_01_1532,experiment,2020.1.3,60.11204885851602,
images/light_grey_box,images/light_grey_box,images/light_grey_box_with_cue,images/light_grey_box,images/light_grey_box_with_target,images/light_grey_box,0,19,19,12,,,,,,,,,,,,,68.58295509999152,None,68.58295509999152,None,68.58295509999152,None,69.59848819999024,None,69.59848819999024,None,69.59848819999024,None,70.59809380001388,None,70.59809380001388,None,70.59809380001388,None,,001,2020_Apr_01_1532,experiment,2020.1.3,60.11204885851602,
images/light_grey_box_with_cue,images/light_grey_box,images/light_grey_box,images/light_grey_box,images/light_grey_box_with_target,images/light_grey_box,1,0,20,0,,,,,,,,,,,,,71.59862950001843,None,71.59862950001843,None,71.59862950001843,None,72.61488580005243,None,72.61488580005243,None,72.61488580005243,None,73.59761330008041,None,73.59761330008041,None,73.59761330008041,None,,001,2020_Apr_01_1532,experiment,2020.1.3,60.11204885851602,
images/light_grey_box_with_cue,images/light_grey_box,images/light_grey_box,images/light_grey_box,images/light_grey_box_with_target,images/light_grey_box,1,1,21,4,,,,,,,,,,,,,74.59826750005595,None,74.59826750005595,None,74.59826750005595,None,75.61437890003435,None,75.61437890003435,None,75.61437890003435,None,76.6136695999885,None,76.6136695999885,None,76.6136695999885,None,,001,2020_Apr_01_1532,experiment,2020.1.3,60.11204885851602,
,,,,,,,,,,,,,,,,,,,,,,77.59777470002882,None,77.59777470002882,None,77.59777470002882,None,78.61384240002371,None,78.61384240002371,None,78.61384240002371,None,,,,,,,,,,,,,
