﻿image_cue_1,image_cue_2,image_cue_3,image_target_1,image_target_2,image_target_3,targetStart,startTime,endTime,trials.thisRepN,trials.thisTrialN,trials.thisN,trials.thisIndex,textWelcome.started,textWelcome.stopped,keyWelcome.keys,keyWelcome.rt,keyWelcome.started,keyWelcome.stopped,textStart.started,textStart.stopped,keyStart.keys,keyStart.rt,keyStart.started,keyStart.stopped,imageTrailBefore_1.started,imageTrailBefore_1.stopped,imageTrialBefore_2.started,imageTrialBefore_2.stopped,imageTrialBefore_3.started,imageTrialBefore_3.stopped,imageTrialCue_1.started,imageTrialCue_1.stopped,imageTrialCue_2.started,imageTrialCue_2.stopped,imageTrialCue_3.started,imageTrialCue_3.stopped,imageTrialTarget_1.started,imageTrialTarget_1.stopped,imageTrialTarget_2.started,imageTrialTarget_2.stopped,imageTrialTarget_3.started,imageTrialTarget_3.stopped,keyResponse.keys,keyResponse.rt,keyResponse.started,keyResponse.stopped,textBlank500.started,textBlank500.stopped,participant,session,date,expName,psychopyVersion,frameRate,
,,,,,,,,,,,,,16.042524500051513,None,space,2.0172783999005333,16.042524500051513,None,,,,,,,,,,,,,,,,,,,,,,,,,,,,,,,,001,2020_Apr_01_2029,experiment,2020.1.3,60.10345007632528,
,,,,,,,,,,,,,,,,,,,18.083470300072804,None,space,0.33980129996780306,18.083470300072804,None,,,,,,,,,,,,,,,,,,,,,,,,,,001,2020_Apr_01_2029,experiment,2020.1.3,60.10345007632528,
images/light_grey_box_with_cue,images/light_grey_box,images/light_grey_box,images/light_grey_box_with_target,images/light_grey_box,images/light_grey_box,0,0.5,0.65,0,0,0,26,,,,,,,,,,,,,18.571313600055873,None,18.571313600055873,None,18.571313600055873,None,19.504689900088124,None,19.504689900088124,None,19.504689900088124,None,20.126645300071687,None,20.126645300071687,None,20.126645300071687,None,space,0.027902300003916025,20.126645300071687,None,20.18363770004362,None,,001,2020_Apr_01_2029,experiment,2020.1.3,60.10345007632528,
images/light_grey_box,images/light_grey_box,images/light_grey_box_with_cue,images/light_grey_box,images/light_grey_box,images/light_grey_box_with_target,0,0.5,0.65,0,1,1,37,,,,,,,,,,,,,20.693052600021474,None,20.693052600021474,None,20.693052600021474,None,21.70574210002087,None,21.70574210002087,None,21.70574210002087,None,22.342272900044918,22.491792500019073,22.342272900044918,22.491792500019073,22.342272900044918,22.491792500019073,space,1.7224449999630451,22.342272900044918,None,24.09092350001447,None,,001,2020_Apr_01_2029,experiment,2020.1.3,60.10345007632528,
images/light_grey_box_with_cue,images/light_grey_box,images/light_grey_box,images/light_grey_box,images/light_grey_box_with_target,images/light_grey_box,0,0.5,0.65,0,2,2,20,,,,,,,,,,,,,24.606025099987164,None,24.606025099987164,None,24.606025099987164,None,25.6212177000707,None,25.6212177000707,None,25.6212177000707,None,26.27193140005693,26.4218414000934,26.27193140005693,26.4218414000934,26.27193140005693,26.4218414000934,space,0.34558750002179295,26.27193140005693,None,26.639399599982426,None,,001,2020_Apr_01_2029,experiment,2020.1.3,60.10345007632528,
images/light_grey_box_with_cue,images/light_grey_box,images/light_grey_box,images/light_grey_box,images/light_grey_box_with_target,images/light_grey_box,0,0.0,0.15,0,3,3,3,,,,,,,,,,,,,27.1425158000784,None,27.1425158000784,None,27.1425158000784,None,28.185177200008184,None,28.185177200008184,None,28.185177200008184,None,28.321551400003955,28.454737000050955,28.321551400003955,28.454737000050955,28.321551400003955,28.454737000050955,space,0.7721648999722674,28.321551400003955,None,29.125199900008738,None,,001,2020_Apr_01_2029,experiment,2020.1.3,60.10345007632528,
images/light_grey_box,images/light_grey_box,images/light_grey_box_with_cue,images/light_grey_box,images/light_grey_box_with_target,images/light_grey_box,0,0.0,0.15,0,4,4,15,,,,,,,,,,,,,29.640677300048992,None,29.640677300048992,None,29.640677300048992,None,30.662397900014184,None,30.662397900014184,None,30.662397900014184,None,30.82181950006634,30.95424740004819,30.82181950006634,30.95424740004819,30.82181950006634,30.95424740004819,space,0.3494417000329122,30.82181950006634,None,31.1889498999808,None,,001,2020_Apr_01_2029,experiment,2020.1.3,60.10345007632528,
images/light_grey_box,images/light_grey_box,images/light_grey_box,images/light_grey_box,images/light_grey_box_with_target,images/light_grey_box,0,0.5,0.65,0,5,5,33,,,,,,,,,,,,,31.69182780000847,None,31.69182780000847,None,31.69182780000847,None,32.73766210000031,None,32.73766210000031,None,32.73766210000031,None,33.370502799982205,None,33.370502799982205,None,33.370502799982205,None,space,0.017280500032939017,33.370502799982205,None,33.40481530001853,None,,001,2020_Apr_01_2029,experiment,2020.1.3,60.10345007632528,
images/light_grey_box,images/light_grey_box,images/light_grey_box_with_cue,images/light_grey_box,images/light_grey_box_with_target,images/light_grey_box,0,0.5,0.65,0,6,6,31,,,,,,,,,,,,,33.907371500041336,None,33.907371500041336,None,33.907371500041336,None,34.958120300085284,None,34.958120300085284,None,34.958120300085284,None,35.57236470002681,35.722523100092076,35.57236470002681,35.722523100092076,35.57236470002681,35.722523100092076,space,0.1632806999841705,35.57236470002681,None,35.75884979998227,None,,001,2020_Apr_01_2029,experiment,2020.1.3,60.10345007632528,
images/light_grey_box_with_cue,images/light_grey_box,images/light_grey_box,images/light_grey_box,images/light_grey_box_with_target,images/light_grey_box,0,0.0,0.15,0,7,7,5,,,,,,,,,,,,,36.27337820001412,None,36.27337820001412,None,36.27337820001412,None,37.29053280001972,None,37.29053280001972,None,37.29053280001972,None,37.43942489998881,37.570104800048284,37.43942489998881,37.570104800048284,37.43942489998881,37.570104800048284,space,2.4321301999734715,37.43942489998881,None,39.90310790005606,None,,001,2020_Apr_01_2029,experiment,2020.1.3,60.10345007632528,
images/light_grey_box,images/light_grey_box,images/light_grey_box_with_cue,images/light_grey_box,images/light_grey_box,images/light_grey_box,0,0.5,0.65,0,8,8,38,,,,,,,,,,,,,40.40650859999005,None,40.40650859999005,None,40.40650859999005,None,41.4409526999807,None,41.4409526999807,None,41.4409526999807,None,42.06979490001686,42.22195760009345,42.06979490001686,42.22195760009345,42.06979490001686,42.22195760009345,space,1.68252809997648,42.06979490001686,None,43.76880740001798,None,,001,2020_Apr_01_2029,experiment,2020.1.3,60.10345007632528,
images/light_grey_box_with_cue,images/light_grey_box,images/light_grey_box,images/light_grey_box,images/light_grey_box_with_target,images/light_grey_box,0,0.5,0.65,0,9,9,25,,,,,,,,,,,,,44.26833820005413,None,44.26833820005413,None,44.26833820005413,None,45.286536700092256,None,45.286536700092256,None,45.286536700092256,None,45.93627469998319,46.08445309998933,45.93627469998319,46.08445309998933,45.93627469998319,46.08445309998933,space,5.931358800036833,45.93627469998319,None,51.88493699999526,None,,001,2020_Apr_01_2029,experiment,2020.1.3,60.10345007632528,
images/light_grey_box_with_cue,images/light_grey_box,images/light_grey_box,images/light_grey_box,images/light_grey_box,images/light_grey_box_with_target,0,0.0,0.15,0,10,10,7,,,,,,,,,,,,,52.38656230003107,None,52.38656230003107,None,52.38656230003107,None,53.43767290003598,None,53.43767290003598,None,53.43767290003598,None,53.56665090005845,53.69952860008925,53.56665090005845,53.69952860008925,53.56665090005845,53.69952860008925,space,0.9015302000334486,53.56665090005845,None,54.48707660008222,None,,001,2020_Apr_01_2029,experiment,2020.1.3,60.10345007632528,
images/light_grey_box,images/light_grey_box,images/light_grey_box_with_cue,images/light_grey_box,images/light_grey_box_with_target,images/light_grey_box,0,0.0,0.15,0,11,11,11,,,,,,,,,,,,,54.999247800093144,None,54.999247800093144,None,54.999247800093144,None,56.02143180009443,None,56.02143180009443,None,56.02143180009443,None,56.16553710005246,56.300733700045384,56.16553710005246,56.300733700045384,56.16553710005246,56.300733700045384,space,0.4458997000474483,56.16553710005246,None,56.63687440007925,None,,001,2020_Apr_01_2029,experiment,2020.1.3,60.10345007632528,
images/light_grey_box_with_cue,images/light_grey_box,images/light_grey_box,images/light_grey_box,images/light_grey_box,images/light_grey_box,0,0.0,0.15,0,12,12,8,,,,,,,,,,,,,57.14964640000835,None,57.14964640000835,None,57.14964640000835,None,58.17070460005198,None,58.17070460005198,None,58.17070460005198,None,58.312003100058064,58.44862410007045,58.312003100058064,58.44862410007045,58.312003100058064,58.44862410007045,space,0.6275063999928534,58.312003100058064,None,58.96726840001065,None,,001,2020_Apr_01_2029,experiment,2020.1.3,60.10345007632528,
images/light_grey_box,images/light_grey_box,images/light_grey_box_with_cue,images/light_grey_box,images/light_grey_box,images/light_grey_box,0,0.0,0.15,0,13,13,19,,,,,,,,,,,,,59.48215960001107,None,59.48215960001107,None,59.48215960001107,None,60.497586100012995,None,60.497586100012995,None,60.497586100012995,None,60.64428400003817,60.78139070002362,60.64428400003817,60.78139070002362,60.64428400003817,60.78139070002362,space,0.3705970000009984,60.64428400003817,None,61.03201780002564,None,,001,2020_Apr_01_2029,experiment,2020.1.3,60.10345007632528,
images/light_grey_box_with_cue,images/light_grey_box,images/light_grey_box,images/light_grey_box,images/light_grey_box,images/light_grey_box,0,0.5,0.65,0,14,14,29,,,,,,,,,,,,,61.535406599985436,None,61.535406599985436,None,61.535406599985436,None,62.57625719998032,None,62.57625719998032,None,62.57625719998032,None,63.21453140000813,63.366463600075804,63.21453140000813,63.366463600075804,63.21453140000813,63.366463600075804,space,2.8347744999919087,63.21453140000813,None,66.06875239999499,None,,001,2020_Apr_01_2029,experiment,2020.1.3,60.10345007632528,
images/light_grey_box,images/light_grey_box,images/light_grey_box_with_cue,images/light_grey_box,images/light_grey_box_with_target,images/light_grey_box,0,0.0,0.15,0,15,15,13,,,,,,,,,,,,,66.5838690000819,None,66.5838690000819,None,66.5838690000819,None,67.60327850002795,None,67.60327850002795,None,67.60327850002795,None,67.75109310005791,67.89777809998486,67.75109310005791,67.89777809998486,67.75109310005791,67.89777809998486,space,0.879283000016585,67.75109310005791,None,68.64740010001697,None,,001,2020_Apr_01_2029,experiment,2020.1.3,60.10345007632528,
images/light_grey_box_with_cue,images/light_grey_box,images/light_grey_box,images/light_grey_box,images/light_grey_box,images/light_grey_box,0,0.5,0.65,0,16,16,28,,,,,,,,,,,,,69.15127350005787,None,69.15127350005787,None,69.15127350005787,None,70.18554620002396,None,70.18554620002396,None,70.18554620002396,None,70.81506320007611,70.9655286000343,70.81506320007611,70.9655286000343,70.81506320007611,70.9655286000343,space,1.8185287999222055,70.81506320007611,None,72.6675191000104,None,,001,2020_Apr_01_2029,experiment,2020.1.3,60.10345007632528,
