﻿image_cue_1,image_cue_2,image_cue_3,image_target_1,image_target_2,image_target_3,targetStart,startTime,endTime,trials.thisRepN,trials.thisTrialN,trials.thisN,trials.thisIndex,textWelcome.started,textWelcome.stopped,keyWelcome.keys,keyWelcome.rt,keyWelcome.started,keyWelcome.stopped,textStart.started,textStart.stopped,keyStart.keys,keyStart.rt,keyStart.started,keyStart.stopped,imageTrailBefore_1.started,imageTrailBefore_1.stopped,imageTrialBefore_2.started,imageTrialBefore_2.stopped,imageTrialBefore_3.started,imageTrialBefore_3.stopped,imageTrialCue_1.started,imageTrialCue_1.stopped,imageTrialCue_2.started,imageTrialCue_2.stopped,imageTrialCue_3.started,imageTrialCue_3.stopped,imageTrialTarget_1.started,imageTrialTarget_1.stopped,imageTrialTarget_2.started,imageTrialTarget_2.stopped,imageTrialTarget_3.started,imageTrialTarget_3.stopped,keyResponse.keys,keyResponse.rt,keyResponse.started,keyResponse.stopped,textBlank500.started,textBlank500.stopped,participant,session,date,expName,psychopyVersion,frameRate,
,,,,,,,,,,,,,9.82922019995749,None,space,0.7953097000718117,9.82922019995749,None,,,,,,,,,,,,,,,,,,,,,,,,,,,,,,,,001,2020_Apr_01_2009,experiment,2020.1.3,59.985735395237384,
,,,,,,,,,,,,,,,,,,,10.643936399952509,None,space,0.3045519000152126,10.643936399952509,None,,,,,,,,,,,,,,,,,,,,,,,,,,001,2020_Apr_01_2009,experiment,2020.1.3,59.985735395237384,
images/light_grey_box_with_cue,images/light_grey_box,images/light_grey_box,images/light_grey_box,images/light_grey_box_with_target,images/light_grey_box,0,0,0.15,0,0,0,5,,,,,,,,,,,,,11.041199099970981,None,11.041199099970981,None,11.041199099970981,None,12.022212599986233,None,12.022212599986233,None,12.022212599986233,None,12.226945800008252,12.226945800008252,12.226945800008252,12.291614799993113,12.226945800008252,12.291614799993113,space,0.5378017999464646,12.226945800008252,None,12.792517800000496,None,,001,2020_Apr_01_2009,experiment,2020.1.3,59.985735395237384,
images/light_grey_box,images/light_grey_box,images/light_grey_box_with_cue,images/light_grey_box,images/light_grey_box_with_target,images/light_grey_box,0,0,0.15,0,1,1,12,,,,,,,,,,,,,13.30749349994585,None,13.30749349994585,None,13.30749349994585,None,14.327159199980088,None,14.327159199980088,None,14.327159199980088,None,14.47465019999072,14.47465019999072,14.47465019999072,14.606916000018828,14.47465019999072,14.606916000018828,space,0.29565139999613166,14.47465019999072,None,14.790628499933518,None,,001,2020_Apr_01_2009,experiment,2020.1.3,59.985735395237384,
images/light_grey_box_with_cue,images/light_grey_box,images/light_grey_box,images/light_grey_box,images/light_grey_box,images/light_grey_box_with_target,0,0,0.15,0,2,2,7,,,,,,,,,,,,,15.290298399981111,None,15.290298399981111,None,15.290298399981111,None,16.303197199944407,None,16.303197199944407,None,16.303197199944407,None,16.46932429994922,16.46932429994922,16.46932429994922,16.606114499969408,16.46932429994922,16.606114499969408,space,0.30420319992117584,16.46932429994922,None,16.790235799970105,None,,001,2020_Apr_01_2009,experiment,2020.1.3,59.985735395237384,
images/light_grey_box,images/light_grey_box,images/light_grey_box_with_cue,images/light_grey_box,images/light_grey_box_with_target,images/light_grey_box,0,0,0.15,0,3,3,11,,,,,,,,,,,,,17.289499799953774,None,17.289499799953774,None,17.289499799953774,None,18.30262049997691,None,18.30262049997691,None,18.30262049997691,None,18.46786729991436,18.46786729991436,18.46786729991436,18.605972999939695,18.46786729991436,18.605972999939695,space,0.28403720003552735,18.46786729991436,None,18.773151299916208,None,,001,2020_Apr_01_2009,experiment,2020.1.3,59.985735395237384,
images/light_grey_box_with_cue,images/light_grey_box,images/light_grey_box,images/light_grey_box,images/light_grey_box_with_target,images/light_grey_box,0,0,0.15,0,4,4,4,,,,,,,,,,,,,19.272783100022934,None,19.272783100022934,None,19.272783100022934,None,20.28978009999264,None,20.28978009999264,None,20.28978009999264,None,20.453161599929444,20.453161599929444,20.453161599929444,20.590316399931908,20.453161599929444,20.590316399931908,space,0.24208019999787211,20.453161599929444,None,20.72314449993428,None,,001,2020_Apr_01_2009,experiment,2020.1.3,59.985735395237384,
images/light_grey_box,images/light_grey_box,images/light_grey_box_with_cue,images/light_grey_box,images/light_grey_box,images/light_grey_box,0,0,0.15,0,5,5,18,,,,,,,,,,,,,21.23849809996318,None,21.23849809996318,None,21.23849809996318,None,22.246815599966794,None,22.246815599966794,None,22.246815599966794,None,22.395161999971606,22.395161999971606,22.395161999971606,22.53871979995165,22.395161999971606,22.53871979995165,space,1.2625644999789074,22.395161999971606,None,23.68801419995725,None,,001,2020_Apr_01_2009,experiment,2020.1.3,59.985735395237384,
images/light_grey_box,images/light_grey_box,images/light_grey_box_with_cue,images/light_grey_box_with_target,images/light_grey_box,images/light_grey_box,0,0,0.15,0,6,6,16,,,,,,,,,,,,,24.18801399995573,None,24.18801399995573,None,24.18801399995573,None,25.197947399923578,None,25.197947399923578,None,25.197947399923578,None,25.36318119999487,25.36318119999487,25.36318119999487,25.50447709998116,25.36318119999487,25.50447709998116,space,0.9480655000079423,25.36318119999487,None,26.338641899987124,None,,001,2020_Apr_01_2009,experiment,2020.1.3,59.985735395237384,
images/light_grey_box,images/light_grey_box,images/light_grey_box_with_cue,images/light_grey_box,images/light_grey_box_with_target,images/light_grey_box,0,0,0.15,0,7,7,14,,,,,,,,,,,,,26.855079200002365,None,26.855079200002365,None,26.855079200002365,None,27.868292100029066,None,27.868292100029066,None,27.868292100029066,None,28.012592099956237,28.012592099956237,28.012592099956237,28.15402469993569,28.012592099956237,28.15402469993569,space,0.35184029990341514,28.012592099956237,None,28.38760919997003,None,,001,2020_Apr_01_2009,experiment,2020.1.3,59.985735395237384,
images/light_grey_box_with_cue,images/light_grey_box,images/light_grey_box,images/light_grey_box,images/light_grey_box_with_target,images/light_grey_box,0,0,0.15,0,8,8,1,,,,,,,,,,,,,28.887137899990194,None,28.887137899990194,None,28.887137899990194,None,29.89785850001499,None,29.89785850001499,None,29.89785850001499,None,30.061977199977264,30.061977199977264,30.061977199977264,30.203718399978243,30.061977199977264,30.203718399978243,space,0.3077745999908075,30.061977199977264,None,30.387143199914135,None,,001,2020_Apr_01_2009,experiment,2020.1.3,59.985735395237384,
images/light_grey_box,images/light_grey_box,images/light_grey_box_with_cue,images/light_grey_box,images/light_grey_box_with_target,images/light_grey_box,0,0,0.15,0,9,9,10,,,,,,,,,,,,,30.886854199925438,None,30.886854199925438,None,30.886854199925438,None,31.896202699979767,None,31.896202699979767,None,31.896202699979767,None,32.06128030002583,32.06128030002583,32.06128030002583,32.2031818999676,32.06128030002583,32.2031818999676,space,0.23692689999006689,32.06128030002583,None,32.320860099978745,None,,001,2020_Apr_01_2009,experiment,2020.1.3,59.985735395237384,
