﻿image_cue_1,image_cue_2,image_cue_3,image_target_1,image_target_2,image_target_3,targetStart,startTime,endTime,trials.thisRepN,trials.thisTrialN,trials.thisN,trials.thisIndex,textWelcome.started,textWelcome.stopped,keyWelcome.keys,keyWelcome.rt,keyWelcome.started,keyWelcome.stopped,textStart.started,textStart.stopped,keyStart.keys,keyStart.rt,keyStart.started,keyStart.stopped,imageTrailBefore_1.started,imageTrailBefore_1.stopped,imageTrialBefore_2.started,imageTrialBefore_2.stopped,imageTrialBefore_3.started,imageTrialBefore_3.stopped,imageTrialCue_1.started,imageTrialCue_1.stopped,imageTrialCue_2.started,imageTrialCue_2.stopped,imageTrialCue_3.started,imageTrialCue_3.stopped,imageTrialTarget_1.started,imageTrialTarget_1.stopped,imageTrialTarget_2.started,imageTrialTarget_2.stopped,imageTrialTarget_3.started,imageTrialTarget_3.stopped,keyResponse.keys,keyResponse.rt,keyResponse.started,keyResponse.stopped,textBlank500.started,textBlank500.stopped,participant,session,date,expName,psychopyVersion,frameRate,
,,,,,,,,,,,,,9.343747799983248,None,space,0.9829620999516919,9.343747799983248,None,,,,,,,,,,,,,,,,,,,,,,,,,,,,,,,,001,2020_Apr_01_2008,experiment,2020.1.3,60.01871383772902,
,,,,,,,,,,,,,,,,,,,10.34511290001683,None,space,0.3290994999697432,10.34511290001683,None,,,,,,,,,,,,,,,,,,,,,,,,,,001,2020_Apr_01_2008,experiment,2020.1.3,60.01871383772902,
images/light_grey_box,images/light_grey_box,images/light_grey_box_with_cue,images/light_grey_box,images/light_grey_box,images/light_grey_box_with_target,0,0,0.15,0,0,0,17,,,,,,,,,,,,,10.76198359997943,None,10.76198359997943,None,10.76198359997943,None,11.745659500011243,None,11.745659500011243,None,11.745659500011243,None,11.908521999954246,12.391952299978584,11.908521999954246,12.391952299978584,11.908521999954246,12.391952299978584,space,1.7622118000872433,11.908521999954246,None,13.693200599984266,None,,001,2020_Apr_01_2008,experiment,2020.1.3,60.01871383772902,
images/light_grey_box,images/light_grey_box,images/light_grey_box_with_cue,images/light_grey_box,images/light_grey_box_with_target,images/light_grey_box,0,0,0.15,0,1,1,10,,,,,,,,,,,,,14.191819199942984,None,14.191819199942984,None,14.191819199942984,None,15.203236099914648,None,15.203236099914648,None,15.203236099914648,None,15.367266599903814,None,15.367266599903814,None,15.367266599903814,None,space,0.30281929997727275,15.367266599903814,None,15.692453800002113,None,,001,2020_Apr_01_2008,experiment,2020.1.3,60.01871383772902,
images/light_grey_box_with_cue,images/light_grey_box,images/light_grey_box,images/light_grey_box,images/light_grey_box_with_target,images/light_grey_box,0,0,0.15,0,2,2,2,,,,,,,,,,,,,16.207597499946132,None,16.207597499946132,None,16.207597499946132,None,17.218462199904025,None,17.218462199904025,None,17.218462199904025,None,17.369498200016096,None,17.369498200016096,None,17.369498200016096,None,space,0.1887552000116557,17.369498200016096,None,17.575745099922642,None,,001,2020_Apr_01_2008,experiment,2020.1.3,60.01871383772902,
