﻿image_cue_1,image_cue_2,image_cue_3,image_target_1,image_target_2,image_target_3,corrAns,trials.thisRepN,trials.thisTrialN,trials.thisN,trials.thisIndex,textWelcome.started,textWelcome.stopped,keyWelcome.keys,keyWelcome.rt,keyWelcome.started,keyWelcome.stopped,textStart.started,textStart.stopped,keyStart.keys,keyStart.rt,keyStart.started,keyStart.stopped,imageTrailBefore_1.started,imageTrailBefore_1.stopped,imageTrialBefore_2.started,imageTrialBefore_2.stopped,imageTrialBefore_3.started,imageTrialBefore_3.stopped,imageTrialCue_1.started,imageTrialCue_1.stopped,imageTrialCue_2.started,imageTrialCue_2.stopped,imageTrialCue_3.started,imageTrialCue_3.stopped,imageTrialTarget_1.started,imageTrialTarget_1.stopped,imageTrialTarget_2.started,imageTrialTarget_2.stopped,imageTrialTarget_3.started,imageTrialTarget_3.stopped,keyResponse.keys,keyResponse.corr,keyResponse.rt,keyResponse.started,keyResponse.stopped,textBlank500.started,textBlank500.stopped,participant,session,date,expName,psychopyVersion,frameRate,
,,,,,,,,,,,10.385285700089298,None,space,0.46521880000364035,10.385285700089298,None,,,,,,,,,,,,,,,,,,,,,,,,,,,,,,,,,001,2020_Apr_01_1613,experiment,2020.1.3,60.10644851919089,
,,,,,,,,,,,,,,,,,10.872355500003323,None,space,0.6044084000168368,10.872355500003323,None,,,,,,,,,,,,,,,,,,,,,,,,,,,001,2020_Apr_01_1613,experiment,2020.1.3,60.10644851919089,
images/light_grey_box,images/light_grey_box,images/light_grey_box_with_cue,images/light_grey_box,images/light_grey_box_with_target,images/light_grey_box,down,0,0,0,15,,,,,,,,,,,,,11.594282799982466,None,11.594282799982466,None,11.594282799982466,None,12.562659500050358,None,12.562659500050358,None,12.562659500050358,None,13.550138900056481,14.561442399979569,13.550138900056481,14.561442399979569,13.550138900056481,14.561442399979569,down,1,2.6290219000075012,13.550138900056481,None,16.196448700036854,None,,001,2020_Apr_01_1613,experiment,2020.1.3,60.10644851919089,
images/light_grey_box_with_cue,images/light_grey_box,images/light_grey_box,images/light_grey_box,images/light_grey_box_with_target,images/light_grey_box,down,0,1,1,5,,,,,,,,,,,,,16.711083900067024,None,16.711083900067024,None,16.711083900067024,None,17.724330400000326,None,17.724330400000326,None,17.724330400000326,None,18.734930700040422,None,18.734930700040422,None,18.734930700040422,None,down,1,0.6876121000386775,18.734930700040422,None,19.45023920002859,None,,001,2020_Apr_01_1613,experiment,2020.1.3,60.10644851919089,
images/light_grey_box_with_cue,images/light_grey_box,images/light_grey_box,images/light_grey_box,images/light_grey_box,images/light_grey_box,None,0,2,2,8,,,,,,,,,,,,,19.960454300045967,None,19.960454300045967,None,19.960454300045967,None,20.983628600020893,None,20.983628600020893,None,20.983628600020893,None,21.96879329998046,22.977216899977066,21.96879329998046,22.977216899977066,21.96879329998046,22.977216899977066,down,0,5.005142500041984,21.96879329998046,None,26.998113400069997,None,,001,2020_Apr_01_1613,experiment,2020.1.3,60.10644851919089,
,,,,,,,,,,,,,,,,,,,,,,,27.51028759998735,None,27.51028759998735,None,27.51028759998735,None,28.536587900016457,None,28.536587900016457,None,28.536587900016457,None,,,,,,,,,,,,,,,,,,,,
