﻿image_cue_1,image_cue_2,image_cue_3,image_target_1,image_target_2,image_target_3,targetStart,trials.thisRepN,trials.thisTrialN,trials.thisN,trials.thisIndex,textWelcome.started,textWelcome.stopped,keyWelcome.keys,keyWelcome.rt,keyWelcome.started,keyWelcome.stopped,textStart.started,textStart.stopped,keyStart.keys,keyStart.rt,keyStart.started,keyStart.stopped,imageTrailBefore_1.started,imageTrailBefore_1.stopped,imageTrialBefore_2.started,imageTrialBefore_2.stopped,imageTrialBefore_3.started,imageTrialBefore_3.stopped,imageTrialCue_1.started,imageTrialCue_1.stopped,imageTrialCue_2.started,imageTrialCue_2.stopped,imageTrialCue_3.started,imageTrialCue_3.stopped,imageTrialTarget_1.started,imageTrialTarget_1.stopped,imageTrialTarget_2.started,imageTrialTarget_2.stopped,imageTrialTarget_3.started,imageTrialTarget_3.stopped,keyResponse.keys,keyResponse.rt,keyResponse.started,keyResponse.stopped,textBlank500.started,textBlank500.stopped,participant,session,date,expName,psychopyVersion,frameRate,
,,,,,,,,,,,9.694017399917357,None,space,4.057145799975842,9.694017399917357,None,,,,,,,,,,,,,,,,,,,,,,,,,,,,,,,,001,2020_Apr_01_1811,experiment,2020.1.3,59.92527318737854,
,,,,,,,,,,,,,,,,,13.773610799922608,None,space,1.5736947000259534,13.773610799922608,None,,,,,,,,,,,,,,,,,,,,,,,,,,001,2020_Apr_01_1811,experiment,2020.1.3,59.92527318737854,
images/light_grey_box,images/light_grey_box,images/light_grey_box_with_cue,images/light_grey_box_with_target,images/light_grey_box,images/light_grey_box,0,0,0,0,16,,,,,,,,,,,,,15.553475299966522,None,15.553475299966522,None,15.553475299966522,None,16.4274750999175,None,16.4274750999175,None,16.4274750999175,None,16.618857700028457,16.818446999997832,16.618857700028457,16.818446999997832,16.618857700028457,16.818446999997832,space,0.44065899995621294,16.580857199965976,None,17.052235799957998,None,,001,2020_Apr_01_1811,experiment,2020.1.3,59.92527318737854,
images/light_grey_box_with_cue,images/light_grey_box,images/light_grey_box,images/light_grey_box,images/light_grey_box_with_target,images/light_grey_box,0,0,1,1,5,,,,,,,,,,,,,17.567810999928042,None,17.567810999928042,None,17.567810999928042,None,18.58281769999303,None,18.58281769999303,None,18.58281769999303,None,18.767742899945006,18.967457399936393,18.767742899945006,18.967457399936393,18.767742899945006,18.967457399936393,space,0.3905793000012636,18.72616660001222,None,19.135031400015578,None,,001,2020_Apr_01_1811,experiment,2020.1.3,59.92527318737854,
images/light_grey_box,images/light_grey_box,images/light_grey_box_with_cue,images/light_grey_box,images/light_grey_box_with_target,images/light_grey_box,0,0,2,2,15,,,,,,,,,,,,,19.637214199989103,None,19.637214199989103,None,19.637214199989103,None,20.659182399977,None,20.659182399977,None,20.659182399977,None,20.86881989997346,21.069681799970567,20.86881989997346,21.069681799970567,20.86881989997346,21.069681799970567,space,0.33801509998738766,20.825325899990276,None,21.185240000020713,None,,001,2020_Apr_01_1811,experiment,2020.1.3,59.92527318737854,
images/light_grey_box_with_cue,images/light_grey_box,images/light_grey_box,images/light_grey_box,images/light_grey_box,images/light_grey_box_with_target,0,0,3,3,7,,,,,,,,,,,,,21.68728229997214,None,21.68728229997214,None,21.68728229997214,None,22.720860100002028,None,22.720860100002028,None,22.720860100002028,None,22.917215200024657,23.11691779992543,22.917215200024657,23.11691779992543,22.917215200024657,23.11691779992543,space,0.46790789999067783,22.875105699989945,None,23.37108279997483,None,,001,2020_Apr_01_1811,experiment,2020.1.3,59.92527318737854,
images/light_grey_box_with_cue,images/light_grey_box,images/light_grey_box,images/light_grey_box,images/light_grey_box_with_target,images/light_grey_box,0,0,4,4,3,,,,,,,,,,,,,23.885709299938753,None,23.885709299938753,None,23.885709299938753,None,24.906672599958256,None,24.906672599958256,None,24.906672599958256,None,25.085427399957553,25.287417299929075,25.085427399957553,25.287417299929075,25.085427399957553,25.287417299929075,space,0.3961268999846652,25.041900099953637,None,25.471588399959728,None,,001,2020_Apr_01_1811,experiment,2020.1.3,59.92527318737854,
images/light_grey_box,images/light_grey_box,images/light_grey_box_with_cue,images/light_grey_box,images/light_grey_box_with_target,images/light_grey_box,0,0,5,5,10,,,,,,,,,,,,,25.986247399938293,None,25.986247399938293,None,25.986247399938293,None,26.99192399997264,None,26.99192399997264,None,26.99192399997264,None,27.199729699990712,27.39955959992949,27.199729699990712,27.39955959992949,27.199729699990712,27.39955959992949,space,0.3163263000315055,27.158724799985066,None,27.500939599936828,None,,001,2020_Apr_01_1811,experiment,2020.1.3,59.92527318737854,
images/light_grey_box,images/light_grey_box,images/light_grey_box_with_cue,images/light_grey_box,images/light_grey_box_with_target,images/light_grey_box,0,0,6,6,11,,,,,,,,,,,,,28.002085199928842,None,28.002085199928842,None,28.002085199928842,None,29.023903399938717,None,29.023903399938717,None,29.023903399938717,None,29.21563809993677,29.41795519995503,29.21563809993677,29.41795519995503,29.21563809993677,29.41795519995503,space,0.36132209992501885,29.173370399978012,None,29.553225999930874,None,,001,2020_Apr_01_1811,experiment,2020.1.3,59.92527318737854,
images/light_grey_box,images/light_grey_box,images/light_grey_box_with_cue,images/light_grey_box,images/light_grey_box,images/light_grey_box,0,0,7,7,19,,,,,,,,,,,,,30.068543699919246,None,30.068543699919246,None,30.068543699919246,None,31.088581899995916,None,31.088581899995916,None,31.088581899995916,None,31.267275199992582,31.482036900008097,31.267275199992582,31.482036900008097,31.267275199992582,31.482036900008097,space,0.499784899991937,31.222013299935497,None,31.752891200012527,None,,001,2020_Apr_01_1811,experiment,2020.1.3,59.92527318737854,
images/light_grey_box_with_cue,images/light_grey_box,images/light_grey_box,images/light_grey_box,images/light_grey_box_with_target,images/light_grey_box,0,0,8,8,2,,,,,,,,,,,,,32.2651615999639,None,32.2651615999639,None,32.2651615999639,None,33.27363249997143,None,33.27363249997143,None,33.27363249997143,None,33.46475529996678,33.664662200026214,33.46475529996678,33.664662200026214,33.46475529996678,33.664662200026214,space,0.3563575999578461,33.42233239999041,None,33.79912239999976,None,,001,2020_Apr_01_1811,experiment,2020.1.3,59.92527318737854,
images/light_grey_box,images/light_grey_box,images/light_grey_box_with_cue,images/light_grey_box,images/light_grey_box,images/light_grey_box,0,0,9,9,18,,,,,,,,,,,,,34.297558299964294,None,34.297558299964294,None,34.297558299964294,None,35.32079030002933,None,35.32079030002933,None,35.32079030002933,None,35.51471929997206,35.715395299950615,35.51471929997206,35.715395299950615,35.51471929997206,35.715395299950615,space,0.7747084000147879,35.47199290001299,None,36.26860159996431,None,,001,2020_Apr_01_1811,experiment,2020.1.3,59.92527318737854,
images/light_grey_box,images/light_grey_box,images/light_grey_box_with_cue,images/light_grey_box,images/light_grey_box_with_target,images/light_grey_box,0,0,10,10,14,,,,,,,,,,,,,36.781449000001885,None,36.781449000001885,None,36.781449000001885,None,37.790878399973735,None,37.790878399973735,None,37.790878399973735,None,38.014598199981265,38.21412060002331,38.014598199981265,38.21412060002331,38.014598199981265,38.21412060002331,space,0.6350117000984028,37.95884610002395,None,38.616043900023215,None,,001,2020_Apr_01_1811,experiment,2020.1.3,59.92527318737854,
images/light_grey_box,images/light_grey_box,images/light_grey_box_with_cue,images/light_grey_box,images/light_grey_box_with_target,images/light_grey_box,0,0,11,11,12,,,,,,,,,,,,,39.13073209999129,None,39.13073209999129,None,39.13073209999129,None,40.15091450000182,None,40.15091450000182,None,40.15091450000182,None,40.35043200000655,None,40.35043200000655,None,40.35043200000655,None,space,0.24506490002386272,40.2893991000019,None,40.55528279999271,None,,001,2020_Apr_01_1811,experiment,2020.1.3,59.92527318737854,
images/light_grey_box,images/light_grey_box,images/light_grey_box_with_cue,images/light_grey_box,images/light_grey_box,images/light_grey_box_with_target,0,0,12,12,17,,,,,,,,,,,,,41.06323779991362,None,41.06323779991362,None,41.06323779991362,None,42.088857499998994,None,42.088857499998994,None,42.088857499998994,None,42.262852799962275,42.46567599999253,42.262852799962275,42.46567599999253,42.262852799962275,42.46567599999253,space,0.4896737999515608,42.2202686999226,None,42.73187199991662,None,,001,2020_Apr_01_1811,experiment,2020.1.3,59.92527318737854,
images/light_grey_box_with_cue,images/light_grey_box,images/light_grey_box,images/light_grey_box,images/light_grey_box_with_target,images/light_grey_box,0,0,13,13,0,,,,,,,,,,,,,43.2467632999178,None,43.2467632999178,None,43.2467632999178,None,44.25901459995657,None,44.25901459995657,None,44.25901459995657,None,44.44573599996511,44.64611670002341,44.44573599996511,44.64611670002341,44.44573599996511,44.64611670002341,space,0.27893420006148517,44.40389539999887,None,44.71477810002398,None,,001,2020_Apr_01_1811,experiment,2020.1.3,59.92527318737854,
images/light_grey_box_with_cue,images/light_grey_box,images/light_grey_box,images/light_grey_box,images/light_grey_box,images/light_grey_box,0,0,14,14,9,,,,,,,,,,,,,45.22944399993867,None,45.22944399993867,None,45.22944399993867,None,46.24673409992829,None,46.24673409992829,None,46.24673409992829,None,46.42910449998453,46.62856669991743,46.42910449998453,46.62856669991743,46.42910449998453,46.62856669991743,space,0.5497057000175118,46.385144499945454,None,46.962900499929674,None,,001,2020_Apr_01_1811,experiment,2020.1.3,59.92527318737854,
images/light_grey_box_with_cue,images/light_grey_box,images/light_grey_box,images/light_grey_box,images/light_grey_box_with_target,images/light_grey_box,0,0,15,15,4,,,,,,,,,,,,,47.46188279998023,None,47.46188279998023,None,47.46188279998023,None,48.47404170001391,None,48.47404170001391,None,48.47404170001391,None,48.69662179995794,48.91129900002852,48.69662179995794,48.91129900002852,48.69662179995794,48.91129900002852,space,0.4733512999955565,48.65235629992094,None,49.14867129991762,None,,001,2020_Apr_01_1811,experiment,2020.1.3,59.92527318737854,
images/light_grey_box_with_cue,images/light_grey_box,images/light_grey_box,images/light_grey_box,images/light_grey_box_with_target,images/light_grey_box,0,0,16,16,1,,,,,,,,,,,,,49.663292499957606,None,49.663292499957606,None,49.663292499957606,None,50.68072269996628,None,50.68072269996628,None,50.68072269996628,None,50.86117990000639,51.062724599963985,50.86117990000639,51.062724599963985,50.86117990000639,51.062724599963985,space,0.3763299999991432,50.82180829998106,None,51.24358729994856,None,,001,2020_Apr_01_1811,experiment,2020.1.3,59.92527318737854,
images/light_grey_box,images/light_grey_box,images/light_grey_box_with_cue,images/light_grey_box,images/light_grey_box_with_target,images/light_grey_box,0,0,17,17,13,,,,,,,,,,,,,51.74656390002929,None,51.74656390002929,None,51.74656390002929,None,52.769088899949566,None,52.769088899949566,None,52.769088899949566,None,52.96060879994184,53.16318109992426,52.96060879994184,53.16318109992426,52.96060879994184,53.16318109992426,space,0.35690390004310757,52.91781259991694,None,53.2971763999667,None,,001,2020_Apr_01_1811,experiment,2020.1.3,59.92527318737854,
images/light_grey_box_with_cue,images/light_grey_box,images/light_grey_box,images/light_grey_box,images/light_grey_box,images/light_grey_box,0,0,18,18,8,,,,,,,,,,,,,53.81365799997002,None,53.81365799997002,None,53.81365799997002,None,54.8269138999749,None,54.8269138999749,None,54.8269138999749,None,55.01087280001957,55.210557500016876,55.01087280001957,55.210557500016876,55.01087280001957,55.210557500016876,space,0.26998660003300756,54.96680259995628,None,55.26262829999905,None,,001,2020_Apr_01_1811,experiment,2020.1.3,59.92527318737854,
images/light_grey_box_with_cue,images/light_grey_box,images/light_grey_box,images/light_grey_box_with_target,images/light_grey_box,images/light_grey_box,0,0,19,19,6,,,,,,,,,,,,,55.776837799930945,None,55.776837799930945,None,55.776837799930945,None,56.800384199945256,None,56.800384199945256,None,56.800384199945256,None,56.99351719999686,57.19612630002666,56.99351719999686,57.19612630002666,56.99351719999686,57.19612630002666,space,0.3484666000586003,56.946704200003296,None,57.314813699922524,None,,001,2020_Apr_01_1811,experiment,2020.1.3,59.92527318737854,
images/light_grey_box_with_cue,images/light_grey_box,images/light_grey_box,images/light_grey_box,images/light_grey_box_with_target,images/light_grey_box,0,1,0,20,1,,,,,,,,,,,,,57.82793959998526,None,57.82793959998526,None,57.82793959998526,None,58.84559179993812,None,58.84559179993812,None,58.84559179993812,None,59.026657399954274,59.22715449996758,59.026657399954274,59.22715449996758,59.026657399954274,59.22715449996758,space,0.285919800051488,58.988146699965,None,59.29495839995798,None,,001,2020_Apr_01_1811,experiment,2020.1.3,59.92527318737854,
images/light_grey_box_with_cue,images/light_grey_box,images/light_grey_box,images/light_grey_box,images/light_grey_box_with_target,images/light_grey_box,0,1,1,21,0,,,,,,,,,,,,,59.80970039998647,None,59.80970039998647,None,59.80970039998647,None,60.83017869992182,None,60.83017869992182,None,60.83017869992182,None,61.009080399991944,61.20863809995353,61.009080399991944,61.20863809995353,61.009080399991944,61.20863809995353,space,0.4392265999922529,60.96765769994818,None,61.428306399961,None,,001,2020_Apr_01_1811,experiment,2020.1.3,59.92527318737854,
images/light_grey_box_with_cue,images/light_grey_box,images/light_grey_box,images/light_grey_box,images/light_grey_box,images/light_grey_box,0,1,2,22,9,,,,,,,,,,,,,61.94220489996951,None,61.94220489996951,None,61.94220489996951,None,62.952201599953696,None,62.952201599953696,None,62.952201599953696,None,63.1420506000286,63.341809700010344,63.1420506000286,63.341809700010344,63.1420506000286,63.341809700010344,space,0.5767739999573678,63.09805939998478,None,63.692333000013605,None,,001,2020_Apr_01_1811,experiment,2020.1.3,59.92527318737854,
images/light_grey_box,images/light_grey_box,images/light_grey_box_with_cue,images/light_grey_box,images/light_grey_box,images/light_grey_box,0,1,3,23,18,,,,,,,,,,,,,64.1918377999682,None,64.1918377999682,None,64.1918377999682,None,65.20344700000715,None,65.20344700000715,None,65.20344700000715,None,65.40825480001513,65.6081436999375,65.40825480001513,65.6081436999375,65.40825480001513,65.6081436999375,space,0.97771919996012,65.36416280001868,None,66.35923299996648,None,,001,2020_Apr_01_1811,experiment,2020.1.3,59.92527318737854,
images/light_grey_box,images/light_grey_box,images/light_grey_box_with_cue,images/light_grey_box,images/light_grey_box_with_target,images/light_grey_box,0,1,4,24,14,,,,,,,,,,,,,66.8745458999183,None,66.8745458999183,None,66.8745458999183,None,67.88246709993109,None,67.88246709993109,None,67.88246709993109,None,68.07440419995692,68.27415299997665,68.07440419995692,68.27415299997665,68.07440419995692,68.27415299997665,space,0.6440523999044672,68.03215199999977,None,68.69164319999982,None,,001,2020_Apr_01_1811,experiment,2020.1.3,59.92527318737854,
images/light_grey_box,images/light_grey_box,images/light_grey_box_with_cue,images/light_grey_box,images/light_grey_box_with_target,images/light_grey_box,0,1,5,25,11,,,,,,,,,,,,,69.20740479999222,None,69.20740479999222,None,69.20740479999222,None,70.21591419994365,None,70.21591419994365,None,70.21591419994365,None,70.40743080002721,70.60981339996215,70.40743080002721,70.60981339996215,70.40743080002721,70.60981339996215,space,0.5471080000279471,70.36469840002246,None,70.94462209998164,None,,001,2020_Apr_01_1811,experiment,2020.1.3,59.92527318737854,
images/light_grey_box_with_cue,images/light_grey_box,images/light_grey_box,images/light_grey_box,images/light_grey_box,images/light_grey_box_with_target,0,1,6,26,7,,,,,,,,,,,,,71.46036199992523,None,71.46036199992523,None,71.46036199992523,None,72.47413049999159,None,72.47413049999159,None,72.47413049999159,None,72.65754339995328,72.85734390001744,72.65754339995328,72.85734390001744,72.65754339995328,72.85734390001744,space,0.8421397999627516,72.62365429999772,None,73.49278420000337,None,,001,2020_Apr_01_1811,experiment,2020.1.3,59.92527318737854,
images/light_grey_box,images/light_grey_box,images/light_grey_box_with_cue,images/light_grey_box,images/light_grey_box,images/light_grey_box,0,1,7,27,19,,,,,,,,,,,,,74.00726540002506,None,74.00726540002506,None,74.00726540002506,None,75.01443809992634,None,75.01443809992634,None,75.01443809992634,None,75.20620030001737,75.40587619994767,75.20620030001737,75.40587619994767,75.20620030001737,75.40587619994767,space,0.8100991999963298,75.16203969996423,None,75.99050580000039,None,,001,2020_Apr_01_1811,experiment,2020.1.3,59.92527318737854,
images/light_grey_box_with_cue,images/light_grey_box,images/light_grey_box,images/light_grey_box,images/light_grey_box_with_target,images/light_grey_box,0,1,8,28,5,,,,,,,,,,,,,76.50592629995663,None,76.50592629995663,None,76.50592629995663,None,77.51579839992337,None,77.51579839992337,None,77.51579839992337,None,77.70615739992354,77.90614719991572,77.70615739992354,77.90614719991572,77.70615739992354,77.90614719991572,space,0.24196489993482828,77.66422809998039,None,77.9233143000165,None,,001,2020_Apr_01_1811,experiment,2020.1.3,59.92527318737854,
images/light_grey_box_with_cue,images/light_grey_box,images/light_grey_box,images/light_grey_box,images/light_grey_box_with_target,images/light_grey_box,0,1,9,29,4,,,,,,,,,,,,,78.4264401999535,None,78.4264401999535,None,78.4264401999535,None,79.46313679998275,None,79.46313679998275,None,79.46313679998275,None,79.6567245000042,79.85833630000707,79.6567245000042,79.85833630000707,79.6567245000042,79.85833630000707,space,0.321356900036335,79.61147050000727,None,79.95823240000755,None,,001,2020_Apr_01_1811,experiment,2020.1.3,59.92527318737854,
images/light_grey_box,images/light_grey_box,images/light_grey_box_with_cue,images/light_grey_box,images/light_grey_box_with_target,images/light_grey_box,0,1,10,30,10,,,,,,,,,,,,,80.47259879997,None,80.47259879997,None,80.47259879997,None,81.48732720001135,None,81.48732720001135,None,81.48732720001135,None,81.67156279995106,81.87170229991898,81.67156279995106,81.87170229991898,81.67156279995106,81.87170229991898,space,0.525319300009869,81.62948070000857,None,82.17326549999416,None,,001,2020_Apr_01_1811,experiment,2020.1.3,59.92527318737854,
images/light_grey_box,images/light_grey_box,images/light_grey_box_with_cue,images/light_grey_box,images/light_grey_box,images/light_grey_box_with_target,0,1,11,31,17,,,,,,,,,,,,,82.68803209997714,None,82.68803209997714,None,82.68803209997714,None,83.70940459996928,None,83.70940459996928,None,83.70940459996928,None,83.90456990001258,84.10769500001334,83.90456990001258,84.10769500001334,83.90456990001258,84.10769500001334,space,0.23595759994350374,83.85731879994273,None,84.1268067000201,None,,001,2020_Apr_01_1811,experiment,2020.1.3,59.92527318737854,
images/light_grey_box,images/light_grey_box,images/light_grey_box_with_cue,images/light_grey_box,images/light_grey_box_with_target,images/light_grey_box,0,1,12,32,13,,,,,,,,,,,,,84.63710659998469,None,84.63710659998469,None,84.63710659998469,None,85.6586299999617,None,85.6586299999617,None,85.6586299999617,None,85.85434600000735,None,85.85434600000735,None,85.85434600000735,None,space,0.23028110002633184,85.80688249995,None,86.06176429998595,None,,001,2020_Apr_01_1811,experiment,2020.1.3,59.92527318737854,
images/light_grey_box_with_cue,images/light_grey_box,images/light_grey_box,images/light_grey_box,images/light_grey_box,images/light_grey_box,0,1,13,33,8,,,,,,,,,,,,,86.57290519995149,None,86.57290519995149,None,86.57290519995149,None,87.58065779996105,None,87.58065779996105,None,87.58065779996105,None,87.78691979998257,None,87.78691979998257,None,87.78691979998257,None,space,0.24105509999208152,87.72941599995829,None,87.99099479999859,None,,001,2020_Apr_01_1811,experiment,2020.1.3,59.92527318737854,
images/light_grey_box_with_cue,images/light_grey_box,images/light_grey_box,images/light_grey_box,images/light_grey_box_with_target,images/light_grey_box,0,1,14,34,3,,,,,,,,,,,,,88.5040337999817,None,88.5040337999817,None,88.5040337999817,None,89.51309969997965,None,89.51309969997965,None,89.51309969997965,None,89.72347899992019,89.92278089991305,89.72347899992019,89.92278089991305,89.72347899992019,89.92278089991305,space,0.3816629000939429,89.66182929999195,None,90.07127089996357,None,,001,2020_Apr_01_1811,experiment,2020.1.3,59.92527318737854,
images/light_grey_box,images/light_grey_box,images/light_grey_box_with_cue,images/light_grey_box_with_target,images/light_grey_box,images/light_grey_box,0,1,15,35,16,,,,,,,,,,,,,90.58672469994053,None,90.58672469994053,None,90.58672469994053,None,91.59398170001805,None,91.59398170001805,None,91.59398170001805,None,91.78617079998367,None,91.78617079998367,None,91.78617079998367,None,space,0.22537520003970712,91.74444699997548,None,91.98942230001558,None,,001,2020_Apr_01_1811,experiment,2020.1.3,59.92527318737854,
images/light_grey_box,images/light_grey_box,images/light_grey_box_with_cue,images/light_grey_box,images/light_grey_box_with_target,images/light_grey_box,0,1,16,36,12,,,,,,,,,,,,,92.50496619998012,None,92.50496619998012,None,92.50496619998012,None,93.51659559994005,None,93.51659559994005,None,93.51659559994005,None,93.70253859995864,93.90462879999541,93.70253859995864,93.90462879999541,93.70253859995864,93.90462879999541,space,0.6593695000046864,93.66440509993117,None,94.35322199994698,None,,001,2020_Apr_01_1811,experiment,2020.1.3,59.92527318737854,
images/light_grey_box,images/light_grey_box,images/light_grey_box_with_cue,images/light_grey_box,images/light_grey_box_with_target,images/light_grey_box,0,1,17,37,15,,,,,,,,,,,,,94.8687334000133,None,94.8687334000133,None,94.8687334000133,None,95.88954220002051,None,95.88954220002051,None,95.88954220002051,None,96.08537849993445,96.28739599999972,96.08537849993445,96.28739599999972,96.08537849993445,96.28739599999972,space,0.33082929998636246,96.0400423000101,None,96.38830669992603,None,,001,2020_Apr_01_1811,experiment,2020.1.3,59.92527318737854,
images/light_grey_box_with_cue,images/light_grey_box,images/light_grey_box,images/light_grey_box,images/light_grey_box_with_target,images/light_grey_box,0,1,18,38,2,,,,,,,,,,,,,96.90428959997371,None,96.90428959997371,None,96.90428959997371,None,97.92513729992788,None,97.92513729992788,None,97.92513729992788,None,98.10255199996755,98.3037614999339,98.10255199996755,98.3037614999339,98.10255199996755,98.3037614999339,space,0.23359670001082122,98.06030509993434,None,98.32186929997988,None,,001,2020_Apr_01_1811,experiment,2020.1.3,59.92527318737854,
images/light_grey_box_with_cue,images/light_grey_box,images/light_grey_box,images/light_grey_box_with_target,images/light_grey_box,images/light_grey_box,0,1,19,39,6,,,,,,,,,,,,,98.8364433000097,None,98.8364433000097,None,98.8364433000097,None,99.85376899992116,None,99.85376899992116,None,99.85376899992116,None,100.0346463000169,100.23493389994837,100.0346463000169,100.23493389994837,100.0346463000169,100.23493389994837,space,0.4492385000921786,99.99304650002159,None,100.46952339995187,None,,001,2020_Apr_01_1811,experiment,2020.1.3,59.92527318737854,
