﻿image_cue_1,image_cue_2,image_cue_3,image_target_1,image_target_2,image_target_3,targetStart,startTime,endTime,trials.thisRepN,trials.thisTrialN,trials.thisN,trials.thisIndex,textWelcome.started,textWelcome.stopped,keyWelcome.keys,keyWelcome.rt,keyWelcome.started,keyWelcome.stopped,textStart.started,textStart.stopped,keyStart.keys,keyStart.rt,keyStart.started,keyStart.stopped,imageTrailBefore_1.started,imageTrailBefore_1.stopped,imageTrialBefore_2.started,imageTrialBefore_2.stopped,imageTrialBefore_3.started,imageTrialBefore_3.stopped,imageTrialCue_1.started,imageTrialCue_1.stopped,imageTrialCue_2.started,imageTrialCue_2.stopped,imageTrialCue_3.started,imageTrialCue_3.stopped,TrialSceenTargetStart,TrialSceenTargetEnd,imageTrialTarget_1.started,imageTrialTarget_1.stopped,imageTrialTarget_2.started,imageTrialTarget_2.stopped,imageTrialTarget_3.started,imageTrialTarget_3.stopped,keyResponse.keys,keyResponse.rt,keyResponse.started,keyResponse.stopped,textBlank500.started,textBlank500.stopped,participant,session,date,expName,psychopyVersion,frameRate,
,,,,,,,,,,,,,10.04696339997463,None,space,13.127582799992524,10.04696339997463,None,,,,,,,,,,,,,,,,,,,,,,,,,,,,,,,,,,001,2020_Apr_01_2144,experiment,2020.1.3,60.22322340295927,
,,,,,,,,,,,,,,,,,,,23.195973100024275,None,space,0.33352250000461936,23.195973100024275,None,,,,,,,,,,,,,,,,,,,,,,,,,,,,001,2020_Apr_01_2144,experiment,2020.1.3,60.22322340295927,
images/light_grey_box,images/light_grey_box,images/light_grey_box_with_cue,images/light_grey_box,images/light_grey_box,images/light_grey_box,0,0.3,0.45,0,0,0,99,,,,,,,,,,,,,23.65007849992253,None,23.65007849992253,None,23.65007849992253,None,24.612996399984695,None,24.612996399984695,None,24.612996399984695,None,0.1,0.25,24.775062300032005,24.91023389995098,24.775062300032005,24.91023389995098,24.775062300032005,24.91023389995098,space,0.8161859000101686,24.775062300032005,None,25.613794400007464,None,,001,2020_Apr_01_2144,experiment,2020.1.3,60.22322340295927,
images/light_grey_box,images/light_grey_box,images/light_grey_box_with_cue,images/light_grey_box,images/light_grey_box_with_target,images/light_grey_box,0,0.3,0.45,0,1,1,90,,,,,,,,,,,,,26.12675880000461,None,26.12675880000461,None,26.12675880000461,None,27.144498099922203,None,27.144498099922203,None,27.144498099922203,None,0.05,0.2,27.361015500035137,27.46046239999123,27.361015500035137,27.46046239999123,27.361015500035137,27.46046239999123,space,0.4064327999949455,27.361015500035137,None,27.79506889998447,None,,001,2020_Apr_01_2144,experiment,2020.1.3,60.22322340295927,
images/light_grey_box,images/light_grey_box,images/light_grey_box,images/light_grey_box,images/light_grey_box_with_target,images/light_grey_box,0,0.5,0.65,0,2,2,115,,,,,,,,,,,,,28.309493999928236,None,28.309493999928236,None,28.309493999928236,None,29.315735299955122,None,29.315735299955122,None,29.315735299955122,None,0.5,0.65,29.50919689994771,29.609325899975374,29.50919689994771,29.609325899975374,29.50919689994771,29.609325899975374,space,0.3245072999270633,29.50919689994771,None,29.860515799955465,None,,001,2020_Apr_01_2144,experiment,2020.1.3,60.22322340295927,
images/light_grey_box,images/light_grey_box,images/light_grey_box_with_cue,images/light_grey_box_with_target,images/light_grey_box,images/light_grey_box,0,0.0,0.15,0,3,3,16,,,,,,,,,,,,,30.375861799926497,None,30.375861799926497,None,30.375861799926497,None,31.385524899931625,None,31.385524899931625,None,31.385524899931625,None,0.1,0.25,31.592419799999334,31.77550320001319,31.592419799999334,31.77550320001319,31.592419799999334,31.77550320001319,space,0.3657627000939101,31.592419799999334,None,31.976432899944484,None,,001,2020_Apr_01_2144,experiment,2020.1.3,60.22322340295927,
images/light_grey_box,images/light_grey_box,images/light_grey_box,images/light_grey_box,images/light_grey_box_with_target,images/light_grey_box,0,0.05,0.2,0,4,4,33,,,,,,,,,,,,,32.49206670001149,None,32.49206670001149,None,32.49206670001149,None,33.498982599936426,None,33.498982599936426,None,33.498982599936426,None,0.0,0.15,33.691848399932496,33.9416108999867,33.691848399932496,33.9416108999867,33.691848399932496,33.9416108999867,space,0.2558065999764949,33.691848399932496,None,33.976744499988854,None,,001,2020_Apr_01_2144,experiment,2020.1.3,60.22322340295927,
images/light_grey_box,images/light_grey_box,images/light_grey_box_with_cue,images/light_grey_box,images/light_grey_box_with_target,images/light_grey_box,0,0.0,0.15,0,5,5,11,,,,,,,,,,,,,34.49170809995849,None,34.49170809995849,None,34.49170809995849,None,35.49980550003238,None,35.49980550003238,None,35.49980550003238,None,0.0,0.15,35.653418399975635,35.84138979995623,35.653418399975635,35.84138979995623,35.653418399975635,35.84138979995623,space,0.38379480002913624,35.653418399975635,None,36.05904089997057,None,,001,2020_Apr_01_2144,experiment,2020.1.3,60.22322340295927,
images/light_grey_box_with_cue,images/light_grey_box,images/light_grey_box,images/light_grey_box,images/light_grey_box_with_target,images/light_grey_box,0,0.0,0.15,0,6,6,0,,,,,,,,,,,,,36.57492079993244,None,36.57492079993244,None,36.57492079993244,None,37.58586059999652,None,37.58586059999652,None,37.58586059999652,None,0.5,0.65,37.841048300033435,37.97421509993728,37.841048300033435,37.97421509993728,37.841048300033435,37.97421509993728,space,0.1593645999673754,37.841048300033435,None,38.025963000021875,None,,001,2020_Apr_01_2144,experiment,2020.1.3,60.22322340295927,
images/light_grey_box_with_cue,images/light_grey_box,images/light_grey_box,images/light_grey_box,images/light_grey_box_with_target,images/light_grey_box,0,0.05,0.2,0,7,7,24,,,,,,,,,,,,,38.54093729995657,None,38.54093729995657,None,38.54093729995657,None,39.551276099984534,None,39.551276099984534,None,39.551276099984534,None,0.05,0.2,39.72188620001543,39.840492799994536,39.72188620001543,39.840492799994536,39.72188620001543,39.840492799994536,space,0.17143579991534352,39.72188620001543,None,39.92438300000504,None,,001,2020_Apr_01_2144,experiment,2020.1.3,60.22322340295927,
images/light_grey_box_with_cue,images/light_grey_box,images/light_grey_box,images/light_grey_box,images/light_grey_box_with_target,images/light_grey_box,0,0.0,0.15,0,8,8,5,,,,,,,,,,,,,40.440825399942696,None,40.440825399942696,None,40.440825399942696,None,41.45051739993505,None,41.45051739993505,None,41.45051739993505,None,0.5,0.65,41.62149859999772,41.74016229994595,41.62149859999772,41.74016229994595,41.62149859999772,41.74016229994595,space,0.1981052999617532,41.62149859999772,None,41.84185860003345,None,,001,2020_Apr_01_2144,experiment,2020.1.3,60.22322340295927,
images/light_grey_box_with_cue,images/light_grey_box,images/light_grey_box,images/light_grey_box,images/light_grey_box_with_target,images/light_grey_box,0,0.3,0.45,0,9,9,82,,,,,,,,,,,,,42.356805599993095,None,42.356805599993095,None,42.356805599993095,None,43.367337699979544,None,43.367337699979544,None,43.367337699979544,None,0.5,0.65,43.51722309994511,43.67369520000648,43.51722309994511,43.67369520000648,43.51722309994511,43.67369520000648,space,0.24747820000629872,43.51722309994511,None,43.79073100001551,None,,001,2020_Apr_01_2144,experiment,2020.1.3,60.22322340295927,
images/light_grey_box,images/light_grey_box,images/light_grey_box_with_cue,images/light_grey_box,images/light_grey_box_with_target,images/light_grey_box,0,0.2,0.35,0,10,10,72,,,,,,,,,,,,,44.306496200035326,None,44.306496200035326,None,44.306496200035326,None,45.315708499983884,None,45.315708499983884,None,45.315708499983884,None,0.3,0.44999999999999996,45.46786059997976,45.70623579993844,45.46786059997976,45.70623579993844,45.46786059997976,45.70623579993844,space,0.3532194000435993,45.46786059997976,None,45.84089779993519,None,,001,2020_Apr_01_2144,experiment,2020.1.3,60.22322340295927,
images/light_grey_box,images/light_grey_box,images/light_grey_box,images/light_grey_box,images/light_grey_box_with_target,images/light_grey_box,0,0.1,0.25,0,11,11,53,,,,,,,,,,,,,46.356152200023644,None,46.356152200023644,None,46.356152200023644,None,47.362383499974385,None,47.362383499974385,None,47.362383499974385,None,0.3,0.44999999999999996,47.515944999991916,47.689080599928275,47.515944999991916,47.689080599928275,47.515944999991916,47.689080599928275,space,0.3786105999024585,47.515944999991916,None,47.923227199935354,None,,001,2020_Apr_01_2144,experiment,2020.1.3,60.22322340295927,
images/light_grey_box,images/light_grey_box,images/light_grey_box,images/light_grey_box,images/light_grey_box_with_target,images/light_grey_box,0,0.1,0.25,0,12,12,55,,,,,,,,,,,,,48.43883579992689,None,48.43883579992689,None,48.43883579992689,None,49.445951399975456,None,49.445951399975456,None,49.445951399975456,None,0.0,0.15,49.65532899997197,49.738502499996684,49.65532899997197,49.738502499996684,49.65532899997197,49.738502499996684,space,64.96162870002445,49.65532899997197,None,114.6434402000159,None,,001,2020_Apr_01_2144,experiment,2020.1.3,60.22322340295927,
images/light_grey_box_with_cue,images/light_grey_box,images/light_grey_box,images/light_grey_box_with_target,images/light_grey_box,images/light_grey_box,0,0.2,0.35,0,13,13,66,,,,,,,,,,,,,115.15921870002057,None,115.15921870002057,None,115.15921870002057,None,116.1706586999353,None,116.1706586999353,None,116.1706586999353,None,0.2,0.35,116.44234770000912,116.47558610001579,116.44234770000912,116.47558610001579,116.44234770000912,116.47558610001579,space,0.35374490008689463,116.44234770000912,None,116.82688790000975,None,,001,2020_Apr_01_2144,experiment,2020.1.3,60.22322340295927,
images/light_grey_box_with_cue,images/light_grey_box,images/light_grey_box,images/light_grey_box,images/light_grey_box,images/light_grey_box,0,0.0,0.15,0,14,14,9,,,,,,,,,,,,,117.34216030000243,None,117.34216030000243,None,117.34216030000243,None,118.35354879999068,None,118.35354879999068,None,118.35354879999068,None,0.5,0.65,118.49966159998439,118.77524089999497,118.49966159998439,118.77524089999497,118.49966159998439,118.77524089999497,space,0.7427354999817908,118.49966159998439,None,119.26004199997988,None,,001,2020_Apr_01_2144,experiment,2020.1.3,60.22322340295927,
images/light_grey_box_with_cue,images/light_grey_box,images/light_grey_box,images/light_grey_box,images/light_grey_box_with_target,images/light_grey_box,0,0.0,0.15,0,15,15,1,,,,,,,,,,,,,119.77497999998741,None,119.77497999998741,None,119.77497999998741,None,120.78576669993345,None,120.78576669993345,None,120.78576669993345,None,0.2,0.35,121.04131879995111,121.12454089999665,121.04131879995111,121.12454089999665,121.04131879995111,121.12454089999665,space,0.29672530002426356,121.04131879995111,None,121.35905259998981,None,,001,2020_Apr_01_2144,experiment,2020.1.3,60.22322340295927,
images/light_grey_box_with_cue,images/light_grey_box,images/light_grey_box,images/light_grey_box,images/light_grey_box,images/light_grey_box_with_target,0,0.0,0.15,0,16,16,7,,,,,,,,,,,,,121.87476749997586,None,121.87476749997586,None,121.87476749997586,None,122.8855048000114,None,122.8855048000114,None,122.8855048000114,None,0.05,0.2,123.14084589993581,123.19092379999347,123.14084589993581,123.19092379999347,123.14084589993581,123.19092379999347,space,0.33439640002325177,123.14084589993581,None,123.49216299992986,None,,001,2020_Apr_01_2144,experiment,2020.1.3,60.22322340295927,
images/light_grey_box,images/light_grey_box,images/light_grey_box_with_cue,images/light_grey_box,images/light_grey_box,images/light_grey_box_with_target,0,0.2,0.35,0,17,17,77,,,,,,,,,,,,,124.00739259994589,None,124.00739259994589,None,124.00739259994589,None,125.0158179999562,None,125.0158179999562,None,125.0158179999562,None,0.1,0.25,125.20697149995249,125.32374569994863,125.20697149995249,125.32374569994863,125.20697149995249,125.32374569994863,space,0.29798479995224625,125.20697149995249,None,125.52540089993272,None,,001,2020_Apr_01_2144,experiment,2020.1.3,60.22322340295927,
images/light_grey_box_with_cue,images/light_grey_box,images/light_grey_box,images/light_grey_box,images/light_grey_box_with_target,images/light_grey_box,0,0.2,0.35,0,18,18,63,,,,,,,,,,,,,126.04033320001327,None,126.04033320001327,None,126.04033320001327,None,127.05079599993769,None,127.05079599993769,None,127.05079599993769,None,0.0,0.15,127.2017019999912,127.40657949994784,127.2017019999912,127.40657949994784,127.2017019999912,127.40657949994784,space,0.2078967000124976,127.2017019999912,None,127.44107139995322,None,,001,2020_Apr_01_2144,experiment,2020.1.3,60.22322340295927,
images/light_grey_box_with_cue,images/light_grey_box,images/light_grey_box,images/light_grey_box,images/light_grey_box,images/light_grey_box,0,0.1,0.25,0,19,19,48,,,,,,,,,,,,,127.95663179992698,None,127.95663179992698,None,127.95663179992698,None,128.9671398999635,None,128.9671398999635,None,128.9671398999635,None,0.05,0.2,129.22305689996574,None,129.22305689996574,None,129.22305689996574,None,space,0.11516779998783022,129.22305689996574,None,129.35772209998686,None,,001,2020_Apr_01_2144,experiment,2020.1.3,60.22322340295927,
images/light_grey_box,images/light_grey_box,images/light_grey_box,images/light_grey_box,images/light_grey_box_with_target,images/light_grey_box,0,0.05,0.2,0,20,20,34,,,,,,,,,,,,,129.87297669996042,None,129.87297669996042,None,129.87297669996042,None,130.8806833999697,None,130.8806833999697,None,130.8806833999697,None,0.3,0.44999999999999996,131.08928289997857,131.18923519994132,131.08928289997857,131.18923519994132,131.08928289997857,131.18923519994132,space,0.2970487999264151,131.08928289997857,None,131.40713549999055,None,,001,2020_Apr_01_2144,experiment,2020.1.3,60.22322340295927,
images/light_grey_box_with_cue,images/light_grey_box,images/light_grey_box,images/light_grey_box,images/light_grey_box_with_target,images/light_grey_box,0,0.5,0.65,0,21,21,104,,,,,,,,,,,,,131.92232639994472,None,131.92232639994472,None,131.92232639994472,None,132.9337209999794,None,132.9337209999794,None,132.9337209999794,None,0.3,0.44999999999999996,133.08238169993274,133.25538789993152,133.08238169993274,133.25538789993152,133.08238169993274,133.25538789993152,space,0.23442029999569058,133.08238169993274,None,133.3401976999594,None,,001,2020_Apr_01_2144,experiment,2020.1.3,60.22322340295927,
images/light_grey_box_with_cue,images/light_grey_box,images/light_grey_box,images/light_grey_box_with_target,images/light_grey_box,images/light_grey_box,0,0.3,0.45,0,22,22,86,,,,,,,,,,,,,133.85555420001037,None,133.85555420001037,None,133.85555420001037,None,134.86575070000254,None,134.86575070000254,None,134.86575070000254,None,0.3,0.44999999999999996,135.05511509999633,135.2219713999657,135.05511509999633,135.2219713999657,135.05511509999633,135.2219713999657,space,7.782020999933593,135.05511509999633,None,142.854946599924,None,,001,2020_Apr_01_2144,experiment,2020.1.3,60.22322340295927,
images/light_grey_box,images/light_grey_box,images/light_grey_box,images/light_grey_box,images/light_grey_box_with_target,images/light_grey_box,0,0.05,0.2,0,23,23,35,,,,,,,,,,,,,143.3699719000142,None,143.3699719000142,None,143.3699719000142,None,144.37773930002004,None,144.37773930002004,None,144.37773930002004,None,0.1,0.25,144.53128350002225,144.686571200029,144.53128350002225,144.686571200029,144.53128350002225,144.686571200029,space,0.38327929994557053,144.53128350002225,None,144.9384890999645,None,,001,2020_Apr_01_2144,experiment,2020.1.3,60.22322340295927,
images/light_grey_box,images/light_grey_box,images/light_grey_box,images/light_grey_box,images/light_grey_box_with_target,images/light_grey_box,0,0.3,0.45,0,24,24,96,,,,,,,,,,,,,145.4532540999353,None,145.4532540999353,None,145.4532540999353,None,146.46081750001758,None,146.46081750001758,None,146.46081750001758,None,0.2,0.35,146.7042056999635,146.80530419992283,146.7042056999635,146.80530419992283,146.7042056999635,146.80530419992283,space,0.27295780007261783,146.7042056999635,None,147.0119781999383,None,,001,2020_Apr_01_2144,experiment,2020.1.3,60.22322340295927,
