﻿image_cue_1,image_cue_2,image_cue_3,image_target_1,image_target_2,image_target_3,targetStart,startTime,endTime,trials.thisRepN,trials.thisTrialN,trials.thisN,trials.thisIndex,textWelcome.started,textWelcome.stopped,keyWelcome.keys,keyWelcome.rt,keyWelcome.started,keyWelcome.stopped,textStart.started,textStart.stopped,keyStart.keys,keyStart.rt,keyStart.started,keyStart.stopped,imageTrailBefore_1.started,imageTrailBefore_1.stopped,imageTrialBefore_2.started,imageTrialBefore_2.stopped,imageTrialBefore_3.started,imageTrialBefore_3.stopped,imageTrialCue_1.started,imageTrialCue_1.stopped,imageTrialCue_2.started,imageTrialCue_2.stopped,imageTrialCue_3.started,imageTrialCue_3.stopped,imageTrialTarget_1.started,imageTrialTarget_1.stopped,imageTrialTarget_2.started,imageTrialTarget_2.stopped,imageTrialTarget_3.started,imageTrialTarget_3.stopped,keyResponse.keys,keyResponse.rt,keyResponse.started,keyResponse.stopped,textBlank500.started,textBlank500.stopped,participant,session,date,expName,psychopyVersion,frameRate,
,,,,,,,,,,,,,10.724098000093363,None,space,0.9899067999795079,10.724098000093363,None,,,,,,,,,,,,,,,,,,,,,,,,,,,,,,,,001,2020_Apr_01_2015,experiment,2020.1.3,60.005892567634305,
,,,,,,,,,,,,,,,,,,,11.740891400026157,None,space,0.30640320002567023,11.740891400026157,None,,,,,,,,,,,,,,,,,,,,,,,,,,001,2020_Apr_01_2015,experiment,2020.1.3,60.005892567634305,
images/light_grey_box_with_cue,images/light_grey_box,images/light_grey_box,images/light_grey_box_with_target,images/light_grey_box,images/light_grey_box,0,0.05,0.2,0,0,0,26,,,,,,,,,,,,,12.1437388000777,None,12.1437388000777,None,12.1437388000777,None,13.121944700018503,None,13.121944700018503,None,13.121944700018503,None,13.305598800070584,13.455537300091237,13.305598800070584,13.455537300091237,13.305598800070584,13.455537300091237,space,0.4471241000574082,13.305598800070584,None,13.774471400072798,None,,001,2020_Apr_01_2015,experiment,2020.1.3,60.005892567634305,
images/light_grey_box,images/light_grey_box,images/light_grey_box_with_cue,images/light_grey_box_with_target,images/light_grey_box,images/light_grey_box,0,0.0,0.15,0,1,1,16,,,,,,,,,,,,,14.289040200063027,None,14.289040200063027,None,14.289040200063027,None,15.301306000095792,None,15.301306000095792,None,15.301306000095792,None,15.452359100105241,15.588530600070953,15.452359100105241,15.588530600070953,15.452359100105241,15.588530600070953,space,0.5008406999986619,15.452359100105241,None,15.97323960007634,None,,001,2020_Apr_01_2015,experiment,2020.1.3,60.005892567634305,
images/light_grey_box_with_cue,images/light_grey_box,images/light_grey_box,images/light_grey_box,images/light_grey_box_with_target,images/light_grey_box,0,0.0,0.15,0,2,2,1,,,,,,,,,,,,,16.4725652000634,None,16.4725652000634,None,16.4725652000634,None,17.4981972000096,None,17.4981972000096,None,17.4981972000096,None,17.648065800080076,17.78799560002517,17.648065800080076,17.78799560002517,17.648065800080076,17.78799560002517,space,0.24118670006282628,17.648065800080076,None,17.905677400063723,None,,001,2020_Apr_01_2015,experiment,2020.1.3,60.005892567634305,
images/light_grey_box,images/light_grey_box,images/light_grey_box_with_cue,images/light_grey_box,images/light_grey_box_with_target,images/light_grey_box,0,0.0,0.15,0,3,3,12,,,,,,,,,,,,,18.421325200004503,None,18.421325200004503,None,18.421325200004503,None,19.429274099995382,None,19.429274099995382,None,19.429274099995382,None,19.58056730008684,19.721232500043698,19.58056730008684,19.721232500043698,19.58056730008684,19.721232500043698,space,0.2549394000088796,19.58056730008684,None,19.854958200012334,None,,001,2020_Apr_01_2015,experiment,2020.1.3,60.005892567634305,
images/light_grey_box,images/light_grey_box,images/light_grey_box_with_cue,images/light_grey_box,images/light_grey_box,images/light_grey_box,0,0.0,0.15,0,4,4,19,,,,,,,,,,,,,20.35435670008883,None,20.35435670008883,None,20.35435670008883,None,21.36455050006043,None,21.36455050006043,None,21.36455050006043,None,21.52835000003688,21.670601100078784,21.52835000003688,21.670601100078784,21.52835000003688,21.670601100078784,space,1.3213889000471681,21.52835000003688,None,22.871434800093994,None,,001,2020_Apr_01_2015,experiment,2020.1.3,60.005892567634305,
images/light_grey_box_with_cue,images/light_grey_box,images/light_grey_box,images/light_grey_box,images/light_grey_box_with_target,images/light_grey_box,0,0.05,0.2,0,5,5,20,,,,,,,,,,,,,23.387063500005752,None,23.387063500005752,None,23.387063500005752,None,24.396867500036024,None,24.396867500036024,None,24.396867500036024,None,24.587569700088352,24.738210900104605,24.587569700088352,24.738210900104605,24.587569700088352,24.738210900104605,space,0.2076043999986723,24.587569700088352,None,24.82541350007523,None,,001,2020_Apr_01_2015,experiment,2020.1.3,60.005892567634305,
images/light_grey_box_with_cue,images/light_grey_box,images/light_grey_box,images/light_grey_box,images/light_grey_box_with_target,images/light_grey_box,0,0.05,0.2,0,6,6,22,,,,,,,,,,,,,25.33697090006899,None,25.33697090006899,None,25.33697090006899,None,26.360042400076054,None,26.360042400076054,None,26.360042400076054,None,26.537001400021836,26.68901850003749,26.537001400021836,26.68901850003749,26.537001400021836,26.68901850003749,space,0.2044278000248596,26.537001400021836,None,26.774802700034343,None,,001,2020_Apr_01_2015,experiment,2020.1.3,60.005892567634305,
images/light_grey_box_with_cue,images/light_grey_box,images/light_grey_box,images/light_grey_box,images/light_grey_box_with_target,images/light_grey_box,0,0.05,0.2,0,7,7,24,,,,,,,,,,,,,27.286766500095837,None,27.286766500095837,None,27.286766500095837,None,28.29702709999401,None,28.29702709999401,None,28.29702709999401,None,28.50290300010238,28.652935600024648,28.50290300010238,28.652935600024648,28.50290300010238,28.652935600024648,space,0.1794071999611333,28.50290300010238,None,28.704285999992862,None,,001,2020_Apr_01_2015,experiment,2020.1.3,60.005892567634305,
images/light_grey_box_with_cue,images/light_grey_box,images/light_grey_box,images/light_grey_box,images/light_grey_box,images/light_grey_box_with_target,0,0.05,0.2,0,8,8,27,,,,,,,,,,,,,29.219540500082076,None,29.219540500082076,None,29.219540500082076,None,30.22993300005328,None,30.22993300005328,None,30.22993300005328,None,30.419272700091824,30.569090600009076,30.419272700091824,30.569090600009076,30.419272700091824,30.569090600009076,space,0.17336110002361238,30.419272700091824,None,30.620352099998854,None,,001,2020_Apr_01_2015,experiment,2020.1.3,60.005892567634305,
images/light_grey_box_with_cue,images/light_grey_box,images/light_grey_box,images/light_grey_box,images/light_grey_box_with_target,images/light_grey_box,0,0.0,0.15,0,9,9,5,,,,,,,,,,,,,31.135681500076316,None,31.135681500076316,None,31.135681500076316,None,32.145727100083604,None,32.145727100083604,None,32.145727100083604,None,32.295672100037336,None,32.295672100037336,None,32.295672100037336,None,space,0.057166900020092726,32.295672100037336,None,32.369843500084244,None,,001,2020_Apr_01_2015,experiment,2020.1.3,60.005892567634305,
