﻿image_cue_1,image_cue_2,image_cue_3,image_target_1,image_target_2,image_target_3,corrAns,trials.thisRepN,trials.thisTrialN,trials.thisN,trials.thisIndex,textWelcome.started,textWelcome.stopped,keyWelcome.keys,keyWelcome.rt,keyWelcome.started,keyWelcome.stopped,textStart.started,textStart.stopped,keyStart.keys,keyStart.rt,keyStart.started,keyStart.stopped,imageTrailBefore_1.started,imageTrailBefore_1.stopped,imageTrialBefore_2.started,imageTrialBefore_2.stopped,imageTrialBefore_3.started,imageTrialBefore_3.stopped,imageTrialCue_1.started,imageTrialCue_1.stopped,imageTrialCue_2.started,imageTrialCue_2.stopped,imageTrialCue_3.started,imageTrialCue_3.stopped,imageTrialTarget_1.started,imageTrialTarget_1.stopped,imageTrialTarget_2.started,imageTrialTarget_2.stopped,imageTrialTarget_3.started,imageTrialTarget_3.stopped,keyResponse.keys,keyResponse.corr,keyResponse.rt,keyResponse.started,keyResponse.stopped,textBlank500.started,textBlank500.stopped,participant,session,date,expName,psychopyVersion,frameRate,
,,,,,,,,,,,12.111541600083001,None,space,0.9264158000005409,12.111541600083001,None,,,,,,,,,,,,,,,,,,,,,,,,,,,,,,,,,001,2020_Apr_01_1605,experiment,2020.1.3,59.952972892906295,
,,,,,,,,,,,,,,,,,13.127222400042228,None,space,1.1035064000170678,13.127222400042228,None,,,,,,,,,,,,,,,,,,,,,,,,,,,001,2020_Apr_01_1605,experiment,2020.1.3,59.952972892906295,
images/light_grey_box,images/light_grey_box,images/light_grey_box_with_cue,images/light_grey_box,images/light_grey_box_with_target,images/light_grey_box,down,0,0,0,15,,,,,,,,,,,,,14.571580199990422,None,14.571580199990422,None,14.571580199990422,None,15.358248200034723,None,15.358248200034723,None,15.358248200034723,None,16.431570900022052,None,16.431570900022052,None,16.431570900022052,None,right,0,0.277595299994573,16.431570900022052,None,16.72904930007644,None,,001,2020_Apr_01_1605,experiment,2020.1.3,59.952972892906295,
images/light_grey_box,images/light_grey_box,images/light_grey_box_with_cue,images/light_grey_box,images/light_grey_box_with_target,images/light_grey_box,down,0,1,1,13,,,,,,,,,,,,,17.242248800001107,None,17.242248800001107,None,17.242248800001107,None,18.26402510004118,None,18.26402510004118,None,18.26402510004118,None,19.262698500067927,None,19.262698500067927,None,19.262698500067927,None,down,1,0.5271877000341192,19.262698500067927,None,19.810172100085765,None,,001,2020_Apr_01_1605,experiment,2020.1.3,59.952972892906295,
,,,,,,,,,,,,,,,,,,,,,,,20.324222000082955,None,20.324222000082955,None,20.324222000082955,None,21.346199200022966,None,21.346199200022966,None,21.346199200022966,None,,,,,,,,,,,,,,,,,,,,
