﻿image_cue_1,image_cue_2,image_cue_3,image_target_1,image_target_2,image_target_3,targetStart,startTime,endTime,trials.thisRepN,trials.thisTrialN,trials.thisN,trials.thisIndex,textWelcome.started,textWelcome.stopped,keyWelcome.keys,keyWelcome.rt,keyWelcome.started,keyWelcome.stopped,textStart.started,textStart.stopped,keyStart.keys,keyStart.rt,keyStart.started,keyStart.stopped,imageTrailBefore_1.started,imageTrailBefore_1.stopped,imageTrialBefore_2.started,imageTrialBefore_2.stopped,imageTrialBefore_3.started,imageTrialBefore_3.stopped,imageTrialCue_1.started,imageTrialCue_1.stopped,imageTrialCue_2.started,imageTrialCue_2.stopped,imageTrialCue_3.started,imageTrialCue_3.stopped,imageTrialTarget_1.started,imageTrialTarget_1.stopped,imageTrialTarget_2.started,imageTrialTarget_2.stopped,imageTrialTarget_3.started,imageTrialTarget_3.stopped,keyResponse.keys,keyResponse.rt,keyResponse.started,keyResponse.stopped,textBlank500.started,textBlank500.stopped,participant,session,date,expName,psychopyVersion,frameRate,
,,,,,,,,,,,,,10.235604000044987,None,space,0.6819176999852061,10.235604000044987,None,,,,,,,,,,,,,,,,,,,,,,,,,,,,,,,,001,2020_Apr_01_2100,experiment,2020.1.3,59.46926065202954,
,,,,,,,,,,,,,,,,,,,10.947611000039615,None,space,0.24908370000775903,10.947611000039615,None,,,,,,,,,,,,,,,,,,,,,,,,,,001,2020_Apr_01_2100,experiment,2020.1.3,59.46926065202954,
images/light_grey_box_with_cue,images/light_grey_box,images/light_grey_box,images/light_grey_box,images/light_grey_box_with_target,images/light_grey_box,0,0,0.15,0,0,0,2,,,,,,,,,,,,,11.29333450004924,None,11.29333450004924,None,11.29333450004924,None,12.287986100069247,None,12.287986100069247,None,12.287986100069247,None,12.466097900061868,12.65683460002765,12.466097900061868,12.65683460002765,12.466097900061868,12.65683460002765,space,0.22268280002754182,12.466097900061868,None,12.712848600000143,None,,001,2020_Apr_01_2100,experiment,2020.1.3,59.46926065202954,
images/light_grey_box_with_cue,images/light_grey_box,images/light_grey_box,images/light_grey_box,images/light_grey_box_with_target,images/light_grey_box,0,0,0.15,0,1,1,0,,,,,,,,,,,,,13.223460600012913,None,13.223460600012913,None,13.223460600012913,None,14.234070700011216,None,14.234070700011216,None,14.234070700011216,None,14.464470300008543,14.538832899997942,14.464470300008543,14.538832899997942,14.464470300008543,14.538832899997942,space,0.2781206000363454,14.464470300008543,None,14.771644100081176,None,,001,2020_Apr_01_2100,experiment,2020.1.3,59.46926065202954,
images/light_grey_box_with_cue,images/light_grey_box,images/light_grey_box,images/light_grey_box,images/light_grey_box_with_target,images/light_grey_box,0,0,0.15,0,2,2,5,,,,,,,,,,,,,15.273788000107743,None,15.273788000107743,None,15.273788000107743,None,16.30683240003418,None,16.30683240003418,None,16.30683240003418,None,16.451174600049853,16.639266500016674,16.451174600049853,16.639266500016674,16.451174600049853,16.639266500016674,space,0.2211387000279501,16.451174600049853,None,16.69068480003625,None,,001,2020_Apr_01_2100,experiment,2020.1.3,59.46926065202954,
images/light_grey_box,images/light_grey_box,images/light_grey_box_with_cue,images/light_grey_box,images/light_grey_box_with_target,images/light_grey_box,0,0,0.15,0,3,3,12,,,,,,,,,,,,,17.203926200047135,None,17.203926200047135,None,17.203926200047135,None,18.221564000006765,None,18.221564000006765,None,18.221564000006765,None,18.43856800009962,18.53697130002547,18.43856800009962,18.53697130002547,18.43856800009962,18.53697130002547,space,0.31528980005532503,18.43856800009962,None,18.772560400073417,None,,001,2020_Apr_01_2100,experiment,2020.1.3,59.46926065202954,
images/light_grey_box,images/light_grey_box,images/light_grey_box_with_cue,images/light_grey_box,images/light_grey_box,images/light_grey_box,0,1,1.25,0,4,4,39,,,,,,,,,,,,,19.288352900068276,None,19.288352900068276,None,19.288352900068276,None,20.310337700066157,None,20.310337700066157,None,20.310337700066157,None,20.470024200039916,20.603054300067015,20.470024200039916,20.603054300067015,20.470024200039916,20.603054300067015,space,1.3815481000347063,20.470024200039916,None,21.87408249999862,None,,001,2020_Apr_01_2100,experiment,2020.1.3,59.46926065202954,
images/light_grey_box,images/light_grey_box,images/light_grey_box_with_cue,images/light_grey_box,images/light_grey_box_with_target,images/light_grey_box,0,0,0.15,0,5,5,13,,,,,,,,,,,,,22.389016800094396,None,22.389016800094396,None,22.389016800094396,None,23.405780000030063,None,23.405780000030063,None,23.405780000030063,None,23.61917740001809,23.788602100103162,23.61917740001809,23.788602100103162,23.61917740001809,23.788602100103162,space,0.41074449999723583,23.61917740001809,None,24.056433100020513,None,,001,2020_Apr_01_2100,experiment,2020.1.3,59.46926065202954,
images/light_grey_box,images/light_grey_box,images/light_grey_box,images/light_grey_box,images/light_grey_box_with_target,images/light_grey_box,0,1,1.25,0,6,6,35,,,,,,,,,,,,,24.57236740004737,None,24.57236740004737,None,24.57236740004737,None,25.578611500095576,None,25.578611500095576,None,25.578611500095576,None,25.73313770000823,25.85363930009771,25.73313770000823,25.85363930009771,25.73313770000823,25.85363930009771,space,0.4067449999274686,25.73313770000823,None,26.17372580000665,None,,001,2020_Apr_01_2100,experiment,2020.1.3,59.46926065202954,
images/light_grey_box,images/light_grey_box,images/light_grey_box_with_cue,images/light_grey_box,images/light_grey_box,images/light_grey_box_with_target,0,1,1.25,0,7,7,37,,,,,,,,,,,,,26.686817900044844,None,26.686817900044844,None,26.686817900044844,None,27.711838900111616,None,27.711838900111616,None,27.711838900111616,None,27.936860600020736,28.037017600028776,27.936860600020736,28.037017600028776,27.936860600020736,28.037017600028776,space,0.4178075999952853,27.936860600020736,None,28.372360600042157,None,,001,2020_Apr_01_2100,experiment,2020.1.3,59.46926065202954,
images/light_grey_box_with_cue,images/light_grey_box,images/light_grey_box,images/light_grey_box,images/light_grey_box_with_target,images/light_grey_box,0,0,0.15,0,8,8,3,,,,,,,,,,,,,28.886159900110215,None,28.886159900110215,None,28.886159900110215,None,29.899754300015047,None,29.899754300015047,None,29.899754300015047,None,30.08448300010059,30.201041600084864,30.08448300010059,30.201041600084864,30.08448300010059,30.201041600084864,space,0.18369500001426786,30.08448300010059,None,30.28753540001344,None,,001,2020_Apr_01_2100,experiment,2020.1.3,59.46926065202954,
images/light_grey_box,images/light_grey_box,images/light_grey_box,images/light_grey_box,images/light_grey_box_with_target,images/light_grey_box,0,1,1.25,0,9,9,36,,,,,,,,,,,,,30.80329960002564,None,30.80329960002564,None,30.80329960002564,None,31.82251290010754,None,31.82251290010754,None,31.82251290010754,None,32.068932600086555,32.152860500034876,32.068932600086555,32.152860500034876,32.068932600086555,32.152860500034876,space,0.27795860008336604,32.068932600086555,None,32.37172660010401,None,,001,2020_Apr_01_2100,experiment,2020.1.3,59.46926065202954,
images/light_grey_box,images/light_grey_box,images/light_grey_box_with_cue,images/light_grey_box,images/light_grey_box_with_target,images/light_grey_box,0,0,0.15,0,10,10,11,,,,,,,,,,,,,32.883786100079305,None,32.883786100079305,None,32.883786100079305,None,33.89714300003834,None,33.89714300003834,None,33.89714300003834,None,34.10614660009742,34.219493200071156,34.10614660009742,34.219493200071156,34.10614660009742,34.219493200071156,space,0.3635024999966845,34.10614660009742,None,34.48760820005555,None,,001,2020_Apr_01_2100,experiment,2020.1.3,59.46926065202954,
images/light_grey_box,images/light_grey_box,images/light_grey_box,images/light_grey_box,images/light_grey_box_with_target,images/light_grey_box,0,1,1.25,0,11,11,33,,,,,,,,,,,,,35.000038400059566,None,35.000038400059566,None,35.000038400059566,None,36.00886260007974,None,36.00886260007974,None,36.00886260007974,None,36.2500947000226,36.40066880011,36.2500947000226,36.40066880011,36.2500947000226,36.40066880011,space,2.0973811000585556,36.2500947000226,None,38.371201000059955,None,,001,2020_Apr_01_2100,experiment,2020.1.3,59.46926065202954,
images/light_grey_box_with_cue,images/light_grey_box,images/light_grey_box,images/light_grey_box,images/light_grey_box,images/light_grey_box_with_target,0,0,0.15,0,12,12,7,,,,,,,,,,,,,38.88329880009405,None,38.88329880009405,None,38.88329880009405,None,39.90155360009521,None,39.90155360009521,None,39.90155360009521,None,40.18255120003596,40.333923600031994,40.18255120003596,40.333923600031994,40.18255120003596,40.333923600031994,space,0.5335645999293774,40.18255120003596,None,40.73571880010422,None,,001,2020_Apr_01_2100,experiment,2020.1.3,59.46926065202954,
images/light_grey_box,images/light_grey_box,images/light_grey_box_with_cue,images/light_grey_box,images/light_grey_box_with_target,images/light_grey_box,0,0,0.15,0,13,13,15,,,,,,,,,,,,,41.24917550000828,None,41.24917550000828,None,41.24917550000828,None,42.27736900001764,None,42.27736900001764,None,42.27736900001764,None,42.465232300106436,42.548586500110105,42.465232300106436,42.548586500110105,42.465232300106436,42.548586500110105,space,0.18545470002572984,42.465232300106436,None,42.66937900008634,None,,001,2020_Apr_01_2100,experiment,2020.1.3,59.46926065202954,
,,,,,,,,,,,,,,,,,,,,,,,,,43.183884800062515,None,43.183884800062515,None,43.183884800062515,None,44.21080950007308,None,44.21080950007308,None,44.21080950007308,None,,,,,,,,,,,,,,,,,,,
