﻿image_cue_1,image_cue_2,image_cue_3,image_target_1,image_target_2,image_target_3,corrAns,trials.thisRepN,trials.thisTrialN,trials.thisN,trials.thisIndex,textWelcome.started,textWelcome.stopped,keyWelcome.keys,keyWelcome.rt,keyWelcome.started,keyWelcome.stopped,textStart.started,textStart.stopped,keyStart.keys,keyStart.rt,keyStart.started,keyStart.stopped,imageTrailBefore_1.started,imageTrailBefore_1.stopped,imageTrialBefore_2.started,imageTrialBefore_2.stopped,imageTrialBefore_3.started,imageTrialBefore_3.stopped,imageTrialCue_1.started,imageTrialCue_1.stopped,imageTrialCue_2.started,imageTrialCue_2.stopped,imageTrialCue_3.started,imageTrialCue_3.stopped,imageTrialTarget_1.started,imageTrialTarget_1.stopped,imageTrialTarget_2.started,imageTrialTarget_2.stopped,imageTrialTarget_3.started,imageTrialTarget_3.stopped,keyResponse.keys,keyResponse.rt,keyResponse.started,keyResponse.stopped,textBlank500.started,textBlank500.stopped,participant,session,date,expName,psychopyVersion,frameRate,
,,,,,,,,,,,46.82178900006693,None,space,5.349540499970317,46.82178900006693,None,,,,,,,,,,,,,,,,,,,,,,,,,,,,,,,,001,2020_Apr_01_1725,experiment,2020.1.3,59.873463448602564,
,,,,,,,,,,,,,,,,,52.224513399996795,None,space,3.5364499000133947,52.224513399996795,None,,,,,,,,,,,,,,,,,,,,,,,,,,001,2020_Apr_01_1725,experiment,2020.1.3,59.873463448602564,
images/light_grey_box,images/light_grey_box,images/light_grey_box_with_cue,images/light_grey_box,images/light_grey_box_with_target,images/light_grey_box,down,0,0,0,12,,,,,,,,,,,,,56.49562419997528,None,56.49562419997528,None,56.49562419997528,None,56.93050040001981,None,56.93050040001981,None,56.93050040001981,None,57.0142935999902,57.212763100047596,57.0142935999902,57.212763100047596,57.0142935999902,57.212763100047596,space,0.4219585000537336,56.98088539997116,None,57.431032499996945,None,,001,2020_Apr_01_1725,experiment,2020.1.3,59.873463448602564,
images/light_grey_box,images/light_grey_box,images/light_grey_box_with_cue,images/light_grey_box,images/light_grey_box_with_target,images/light_grey_box,down,0,1,1,11,,,,,,,,,,,,,57.933087500045076,None,57.933087500045076,None,57.933087500045076,None,58.96110990003217,None,58.96110990003217,None,58.96110990003217,None,59.14584939996712,59.34528590005357,59.14584939996712,59.34528590005357,59.14584939996712,59.34528590005357,space,0.34373490000143647,59.10946259996854,None,59.47949030005839,None,,001,2020_Apr_01_1725,experiment,2020.1.3,59.873463448602564,
images/light_grey_box_with_cue,images/light_grey_box,images/light_grey_box,images/light_grey_box,images/light_grey_box_with_target,images/light_grey_box,down,0,2,2,1,,,,,,,,,,,,,59.98275930003729,None,59.98275930003729,None,59.98275930003729,None,61.01923259999603,None,61.01923259999603,None,61.01923259999603,None,61.19539460004307,61.39514679997228,61.19539460004307,61.39514679997228,61.19539460004307,61.39514679997228,space,0.3249743999913335,61.15803869999945,None,61.513096300070174,None,,001,2020_Apr_01_1725,experiment,2020.1.3,59.873463448602564,
images/light_grey_box,images/light_grey_box,images/light_grey_box_with_cue,images/light_grey_box,images/light_grey_box,images/light_grey_box,up,0,3,3,19,,,,,,,,,,,,,62.03019389999099,None,62.03019389999099,None,62.03019389999099,None,63.055481099989265,None,63.055481099989265,None,63.055481099989265,None,63.23027419997379,63.444796100026,63.23027419997379,63.444796100026,63.23027419997379,63.444796100026,space,0.9434764999896288,63.18702760001179,None,64.14953539997805,None,,001,2020_Apr_01_1725,experiment,2020.1.3,59.873463448602564,
images/light_grey_box,images/light_grey_box,images/light_grey_box_with_cue,images/light_grey_box_with_target,images/light_grey_box,images/light_grey_box,left,0,4,4,16,,,,,,,,,,,,,64.66365920007229,None,64.66365920007229,None,64.66365920007229,None,65.69716920005158,None,65.69716920005158,None,65.69716920005158,None,65.87880900001619,66.07805810007267,65.87880900001619,66.07805810007267,65.87880900001619,66.07805810007267,space,0.3805481999879703,65.83438090002164,None,66.24848349997774,None,,001,2020_Apr_01_1725,experiment,2020.1.3,59.873463448602564,
images/light_grey_box_with_cue,images/light_grey_box,images/light_grey_box,images/light_grey_box,images/light_grey_box_with_target,images/light_grey_box,down,0,5,5,5,,,,,,,,,,,,,66.76310380001087,None,66.76310380001087,None,66.76310380001087,None,67.78869930002838,None,67.78869930002838,None,67.78869930002838,None,67.97811260004528,68.18075240007602,67.97811260004528,68.18075240007602,67.97811260004528,68.18075240007602,space,0.2542592999525368,67.93700480007101,None,68.21761359996162,None,,001,2020_Apr_01_1725,experiment,2020.1.3,59.873463448602564,
images/light_grey_box_with_cue,images/light_grey_box,images/light_grey_box,images/light_grey_box_with_target,images/light_grey_box,images/light_grey_box,left,0,6,6,6,,,,,,,,,,,,,68.73095530003775,None,68.73095530003775,None,68.73095530003775,None,69.76013289997354,None,69.76013289997354,None,69.76013289997354,None,69.92679539998062,70.1269996999763,69.92679539998062,70.1269996999763,69.92679539998062,70.1269996999763,space,0.44341479998547584,69.8876723999856,None,70.36431360000279,None,,001,2020_Apr_01_1725,experiment,2020.1.3,59.873463448602564,
images/light_grey_box_with_cue,images/light_grey_box,images/light_grey_box,images/light_grey_box,images/light_grey_box,images/light_grey_box,up,0,7,7,9,,,,,,,,,,,,,70.86486279999372,None,70.86486279999372,None,70.86486279999372,None,71.89309090003371,None,71.89309090003371,None,71.89309090003371,None,72.07624109997414,72.27627939998638,72.07624109997414,72.27627939998638,72.07624109997414,72.27627939998638,space,0.3167747000698,72.03407320007682,None,72.37750269996468,None,,001,2020_Apr_01_1725,experiment,2020.1.3,59.873463448602564,
images/light_grey_box_with_cue,images/light_grey_box,images/light_grey_box,images/light_grey_box,images/light_grey_box_with_target,images/light_grey_box,down,0,8,8,2,,,,,,,,,,,,,72.89338610006962,None,72.89338610006962,None,72.89338610006962,None,73.90987339999992,None,73.90987339999992,None,73.90987339999992,None,74.0929190000752,74.29288069996983,74.0929190000752,74.29288069996983,74.0929190000752,74.29288069996983,space,0.30862380005419254,74.05523850000463,None,74.39305439998861,None,,001,2020_Apr_01_1725,experiment,2020.1.3,59.873463448602564,
images/light_grey_box_with_cue,images/light_grey_box,images/light_grey_box,images/light_grey_box,images/light_grey_box_with_target,images/light_grey_box,down,0,9,9,3,,,,,,,,,,,,,74.89224910002667,None,74.89224910002667,None,74.89224910002667,None,75.91280399996322,None,75.91280399996322,None,75.91280399996322,None,76.12535950005986,76.32574020000175,76.12535950005986,76.32574020000175,76.12535950005986,76.32574020000175,space,0.35430010000709444,76.08839439996518,None,76.46109720005188,None,,001,2020_Apr_01_1725,experiment,2020.1.3,59.873463448602564,
,,,,,,,,,,,,,,,,,,,,,,,76.97691159998067,None,76.97691159998067,None,76.97691159998067,None,,,,,,,,,,,,,,,,,,,,,,,,,
