﻿image_cue_1,image_cue_2,image_cue_3,image_target_1,image_target_2,image_target_3,targetStart,startTime,endTime,trials.thisRepN,trials.thisTrialN,trials.thisN,trials.thisIndex,textWelcome.started,textWelcome.stopped,keyWelcome.keys,keyWelcome.rt,keyWelcome.started,keyWelcome.stopped,textStart.started,textStart.stopped,keyStart.keys,keyStart.rt,keyStart.started,keyStart.stopped,imageTrailBefore_1.started,imageTrailBefore_1.stopped,imageTrialBefore_2.started,imageTrialBefore_2.stopped,imageTrialBefore_3.started,imageTrialBefore_3.stopped,imageTrialCue_1.started,imageTrialCue_1.stopped,imageTrialCue_2.started,imageTrialCue_2.stopped,imageTrialCue_3.started,imageTrialCue_3.stopped,TrialSceenTargetStart,TrialSceenTargetEnd,imageTrialTarget_1.started,imageTrialTarget_1.stopped,imageTrialTarget_2.started,imageTrialTarget_2.stopped,imageTrialTarget_3.started,imageTrialTarget_3.stopped,keyResponse.keys,keyResponse.rt,keyResponse.started,keyResponse.stopped,textBlank500.started,textBlank500.stopped,participant,session,date,expName,psychopyVersion,frameRate,
,,,,,,,,,,,,,10.688860299997032,None,space,0.5566468000179157,10.688860299997032,None,,,,,,,,,,,,,,,,,,,,,,,,,,,,,,,,,,001,2020_Apr_01_2133,experiment,2020.1.3,60.02927027143619,
,,,,,,,,,,,,,,,,,,,11.265399700030684,None,space,0.31495569995604455,11.265399700030684,None,,,,,,,,,,,,,,,,,,,,,,,,,,,,001,2020_Apr_01_2133,experiment,2020.1.3,60.02927027143619,
images/light_grey_box,images/light_grey_box,images/light_grey_box_with_cue,images/light_grey_box_with_target,images/light_grey_box,images/light_grey_box,0,0.0,0.15,0,0,0,16,,,,,,,,,,,,,11.675854700035416,None,11.675854700035416,None,11.675854700035416,None,12.680946800042875,None,12.680946800042875,None,12.680946800042875,None,0.3,0.44999999999999996,12.799169600009918,13.061840899987146,12.799169600009918,13.061840899987146,12.799169600009918,13.061840899987146,space,0.613535700016655,12.799169600009918,None,13.446531699970365,None,,001,2020_Apr_01_2133,experiment,2020.1.3,60.02927027143619,
images/light_grey_box,images/light_grey_box,images/light_grey_box_with_cue,images/light_grey_box,images/light_grey_box_with_target,images/light_grey_box,0,0.1,0.25,0,1,1,51,,,,,,,,,,,,,13.961210699984804,None,13.961210699984804,None,13.961210699984804,None,14.978481799946167,None,14.978481799946167,None,14.978481799946167,None,0.0,0.15,15.227113400003873,15.310488300048746,15.227113400003873,15.310488300048746,15.227113400003873,15.310488300048746,space,0.6499723000451922,15.227113400003873,None,15.894912900053896,None,,001,2020_Apr_01_2133,experiment,2020.1.3,60.02927027143619,
images/light_grey_box,images/light_grey_box,images/light_grey_box_with_cue,images/light_grey_box,images/light_grey_box_with_target,images/light_grey_box,0,0.0,0.15,0,2,2,13,,,,,,,,,,,,,16.394129800028168,None,16.394129800028168,None,16.394129800028168,None,17.414656599983573,None,17.414656599983573,None,17.414656599983573,None,0.0,0.15,17.64341899997089,17.759615799994208,17.64341899997089,17.759615799994208,17.64341899997089,17.759615799994208,space,0.5642114999936894,17.64341899997089,None,18.22876940004062,None,,001,2020_Apr_01_2133,experiment,2020.1.3,60.02927027143619,
images/light_grey_box_with_cue,images/light_grey_box,images/light_grey_box,images/light_grey_box,images/light_grey_box,images/light_grey_box_with_target,0,0.0,0.15,0,3,3,7,,,,,,,,,,,,,18.743137100012973,None,18.743137100012973,None,18.743137100012973,None,19.764243599958718,None,19.764243599958718,None,19.764243599958718,None,0.3,0.44999999999999996,19.94276310002897,20.05985520000104,19.94276310002897,20.05985520000104,19.94276310002897,20.05985520000104,space,0.21909720008261502,19.94276310002897,None,20.194755399948917,None,,001,2020_Apr_01_2133,experiment,2020.1.3,60.02927027143619,
images/light_grey_box_with_cue,images/light_grey_box,images/light_grey_box,images/light_grey_box,images/light_grey_box_with_target,images/light_grey_box,0,0.1,0.25,0,4,4,41,,,,,,,,,,,,,20.709061500034295,None,20.709061500034295,None,20.709061500034295,None,21.730181899969466,None,21.730181899969466,None,21.730181899969466,None,0.3,0.44999999999999996,21.9592021999415,22.025717900018208,21.9592021999415,22.025717900018208,21.9592021999415,22.025717900018208,space,0.58724240004085,21.9592021999415,None,22.579252199968323,None,,001,2020_Apr_01_2133,experiment,2020.1.3,60.02927027143619,
images/light_grey_box,images/light_grey_box,images/light_grey_box_with_cue,images/light_grey_box,images/light_grey_box_with_target,images/light_grey_box,0,0.0,0.15,0,5,5,15,,,,,,,,,,,,,23.092010400025174,None,23.092010400025174,None,23.092010400025174,None,24.110870499978773,None,24.110870499978773,None,24.110870499978773,None,0.0,0.15,24.258783200057223,24.441903300001286,24.258783200057223,24.441903300001286,24.258783200057223,24.441903300001286,space,1.120906800031662,24.258783200057223,None,25.409545699949376,None,,001,2020_Apr_01_2133,experiment,2020.1.3,60.02927027143619,
images/light_grey_box_with_cue,images/light_grey_box,images/light_grey_box,images/light_grey_box_with_target,images/light_grey_box,images/light_grey_box,0,0.05,0.2,0,6,6,26,,,,,,,,,,,,,25.92537930002436,None,25.92537930002436,None,25.92537930002436,None,26.943246599985287,None,26.943246599985287,None,26.943246599985287,None,0.2,0.35,27.208059299970046,27.241373699973337,27.208059299970046,27.241373699973337,27.208059299970046,27.241373699973337,space,1.1404346999479458,27.208059299970046,None,28.375861400039867,None,,001,2020_Apr_01_2133,experiment,2020.1.3,60.02927027143619,
images/light_grey_box,images/light_grey_box,images/light_grey_box_with_cue,images/light_grey_box,images/light_grey_box,images/light_grey_box_with_target,0,0.05,0.2,0,7,7,37,,,,,,,,,,,,,28.87744389998261,None,28.87744389998261,None,28.87744389998261,None,29.908023600000888,None,29.908023600000888,None,29.908023600000888,None,0.2,0.35,30.124003599979915,30.20727260003332,30.124003599979915,30.20727260003332,30.124003599979915,30.20727260003332,space,0.4052850999869406,30.124003599979915,None,30.558634900022298,None,,001,2020_Apr_01_2133,experiment,2020.1.3,60.02927027143619,
images/light_grey_box,images/light_grey_box,images/light_grey_box,images/light_grey_box,images/light_grey_box_with_target,images/light_grey_box,0,0.1,0.25,0,8,8,56,,,,,,,,,,,,,31.07383899996057,None,31.07383899996057,None,31.07383899996057,None,32.09193260001484,None,32.09193260001484,None,32.09193260001484,None,0.3,0.44999999999999996,32.24021640000865,32.3735664000269,32.24021640000865,32.3735664000269,32.24021640000865,32.3735664000269,space,0.39237309992313385,32.24021640000865,None,32.660456600016914,None,,001,2020_Apr_01_2133,experiment,2020.1.3,60.02927027143619,
images/light_grey_box_with_cue,images/light_grey_box,images/light_grey_box,images/light_grey_box_with_target,images/light_grey_box,images/light_grey_box,0,0.1,0.25,0,9,9,46,,,,,,,,,,,,,33.17424810002558,None,33.17424810002558,None,33.17424810002558,None,34.19167229998857,None,34.19167229998857,None,34.19167229998857,None,0.05,0.2,34.423036199994385,34.573021200019866,34.423036199994385,34.573021200019866,34.423036199994385,34.573021200019866,space,0.5003105000359938,34.423036199994385,None,34.94200100004673,None,,001,2020_Apr_01_2133,experiment,2020.1.3,60.02927027143619,
images/light_grey_box_with_cue,images/light_grey_box,images/light_grey_box,images/light_grey_box,images/light_grey_box_with_target,images/light_grey_box,0,0.0,0.15,0,10,10,0,,,,,,,,,,,,,35.45633439999074,None,35.45633439999074,None,35.45633439999074,None,36.4734217999503,None,36.4734217999503,None,36.4734217999503,None,0.0,0.15,36.739216699963436,36.83976390003227,36.739216699963436,36.83976390003227,36.739216699963436,36.83976390003227,space,0.3871559000108391,36.739216699963436,None,37.157245600013994,None,,001,2020_Apr_01_2133,experiment,2020.1.3,60.02927027143619,
images/light_grey_box,images/light_grey_box,images/light_grey_box,images/light_grey_box,images/light_grey_box_with_target,images/light_grey_box,0,0.05,0.2,0,11,11,34,,,,,,,,,,,,,37.672520700027235,None,37.672520700027235,None,37.672520700027235,None,38.68680819997098,None,38.68680819997098,None,38.68680819997098,None,0.05,0.2,38.9388314000098,38.97232349996921,38.9388314000098,38.97232349996921,38.9388314000098,38.97232349996921,space,0.3779979000100866,38.9388314000098,None,39.340972700039856,None,,001,2020_Apr_01_2133,experiment,2020.1.3,60.02927027143619,
images/light_grey_box_with_cue,images/light_grey_box,images/light_grey_box,images/light_grey_box,images/light_grey_box,images/light_grey_box_with_target,0,0.1,0.25,0,12,12,47,,,,,,,,,,,,,39.85524299996905,None,39.85524299996905,None,39.85524299996905,None,40.873650899971835,None,40.873650899971835,None,40.873650899971835,None,0.05,0.2,41.105150099960156,41.23838210001122,41.105150099960156,41.23838210001122,41.105150099960156,41.23838210001122,space,0.9281553999753669,41.105150099960156,None,42.056556200026534,None,,001,2020_Apr_01_2133,experiment,2020.1.3,60.02927027143619,
images/light_grey_box,images/light_grey_box,images/light_grey_box_with_cue,images/light_grey_box,images/light_grey_box,images/light_grey_box,0,0.05,0.2,0,13,13,39,,,,,,,,,,,,,42.57140520005487,None,42.57140520005487,None,42.57140520005487,None,43.58888479997404,None,43.58888479997404,None,43.58888479997404,None,0.2,0.35,43.82149700005539,43.8879018999869,43.82149700005539,43.8879018999869,43.82149700005539,43.8879018999869,space,1.2113769999705255,43.82149700005539,None,45.056186600006185,None,,001,2020_Apr_01_2133,experiment,2020.1.3,60.02927027143619,
images/light_grey_box,images/light_grey_box,images/light_grey_box_with_cue,images/light_grey_box,images/light_grey_box,images/light_grey_box_with_target,0,0.1,0.25,0,14,14,57,,,,,,,,,,,,,45.571083900053054,None,45.571083900053054,None,45.571083900053054,None,46.58812640001997,None,46.58812640001997,None,46.58812640001997,None,0.0,0.15,46.820878400001675,46.95456360001117,46.820878400001675,46.95456360001117,46.820878400001675,46.95456360001117,space,0.8398982000071555,46.820878400001675,None,47.68895280000288,None,,001,2020_Apr_01_2133,experiment,2020.1.3,60.02927027143619,
images/light_grey_box_with_cue,images/light_grey_box,images/light_grey_box,images/light_grey_box,images/light_grey_box_with_target,images/light_grey_box,0,0.0,0.15,0,15,15,2,,,,,,,,,,,,,48.203726200037636,None,48.203726200037636,None,48.203726200037636,None,49.220792799955234,None,49.220792799955234,None,49.220792799955234,None,0.3,0.44999999999999996,49.36910440004431,49.58655520004686,49.36910440004431,49.58655520004686,49.36910440004431,49.58655520004686,space,1.004036600003019,49.36910440004431,None,50.40468749997672,None,,001,2020_Apr_01_2133,experiment,2020.1.3,60.02927027143619,
images/light_grey_box_with_cue,images/light_grey_box,images/light_grey_box,images/light_grey_box,images/light_grey_box_with_target,images/light_grey_box,0,0.0,0.15,0,16,16,5,,,,,,,,,,,,,50.919726700056344,None,50.919726700056344,None,50.919726700056344,None,51.93738679995295,None,51.93738679995295,None,51.93738679995295,None,0.2,0.35,52.16961880004965,52.236219299957156,52.16961880004965,52.236219299957156,52.16961880004965,52.236219299957156,space,0.33712109993211925,52.16961880004965,None,52.53762810002081,None,,001,2020_Apr_01_2133,experiment,2020.1.3,60.02927027143619,
images/light_grey_box,images/light_grey_box,images/light_grey_box_with_cue,images/light_grey_box,images/light_grey_box_with_target,images/light_grey_box,0,0.05,0.2,0,17,17,32,,,,,,,,,,,,,53.052581700030714,None,53.052581700030714,None,53.052581700030714,None,54.07306239998434,None,54.07306239998434,None,54.07306239998434,None,0.3,0.44999999999999996,54.28563870000653,54.435663099982776,54.28563870000653,54.435663099982776,54.28563870000653,54.435663099982776,space,0.4115002000471577,54.28563870000653,None,54.72140559996478,None,,001,2020_Apr_01_2133,experiment,2020.1.3,60.02927027143619,
images/light_grey_box_with_cue,images/light_grey_box,images/light_grey_box,images/light_grey_box,images/light_grey_box,images/light_grey_box,0,0.1,0.25,0,18,18,48,,,,,,,,,,,,,55.23553439998068,None,55.23553439998068,None,55.23553439998068,None,56.252286099945195,None,56.252286099945195,None,56.252286099945195,None,0.5,0.65,56.41839570004959,56.551750499987975,56.41839570004959,56.551750499987975,56.41839570004959,56.551750499987975,space,0.3741824999451637,56.41839570004959,None,56.8207636999432,None,,001,2020_Apr_01_2133,experiment,2020.1.3,60.02927027143619,
images/light_grey_box,images/light_grey_box,images/light_grey_box,images/light_grey_box,images/light_grey_box_with_target,images/light_grey_box,0,0.1,0.25,0,19,19,53,,,,,,,,,,,,,57.33495930000208,None,57.33495930000208,None,57.33495930000208,None,58.349649199983105,None,58.349649199983105,None,58.349649199983105,None,0.5,0.65,58.53516460000537,58.6348447999917,58.53516460000537,58.6348447999917,58.53516460000537,58.6348447999917,escape,2.1285338000161573,58.53516460000537,None,60.68639950000215,None,,001,2020_Apr_01_2133,experiment,2020.1.3,60.02927027143619,
images/light_grey_box,images/light_grey_box,images/light_grey_box_with_cue,images/light_grey_box,images/light_grey_box,images/light_grey_box_with_target,0,0.0,0.15,0,20,20,17,,,,,,,,,,,,,61.20098029996734,None,61.20098029996734,None,61.20098029996734,None,62.220386200002395,None,62.220386200002395,None,62.220386200002395,None,0.5,0.65,62.38669029995799,None,62.38669029995799,None,62.38669029995799,None,escape,0.09953280002810061,62.38669029995799,None,62.51485799998045,None,,001,2020_Apr_01_2133,experiment,2020.1.3,60.02927027143619,
images/light_grey_box,images/light_grey_box,images/light_grey_box_with_cue,images/light_grey_box,images/light_grey_box,images/light_grey_box,0,0.1,0.25,0,21,21,59,,,,,,,,,,,,,63.01750950003043,None,63.01750950003043,None,63.01750950003043,None,64.0342550999485,None,64.0342550999485,None,64.0342550999485,None,0.05,0.2,64.21702510002069,64.40040299994871,64.21702510002069,64.40040299994871,64.21702510002069,64.40040299994871,space,3.166564100072719,64.21702510002069,None,67.40187559998594,None,,001,2020_Apr_01_2133,experiment,2020.1.3,60.02927027143619,
images/light_grey_box,images/light_grey_box,images/light_grey_box_with_cue,images/light_grey_box,images/light_grey_box_with_target,images/light_grey_box,0,0.1,0.25,0,22,22,52,,,,,,,,,,,,,67.91621049994137,None,67.91621049994137,None,67.91621049994137,None,68.93422229995485,None,68.93422229995485,None,68.93422229995485,None,0.3,0.44999999999999996,69.10027649998665,69.232631699997,69.10027649998665,69.232631699997,69.10027649998665,69.232631699997,space,0.496063599945046,69.10027649998665,None,69.61778890003916,None,,001,2020_Apr_01_2133,experiment,2020.1.3,60.02927027143619,
