﻿image_cue_1,image_cue_2,image_cue_3,image_target_1,image_target_2,image_target_3,targetStart,startTime,endTime,trials.thisRepN,trials.thisTrialN,trials.thisN,trials.thisIndex,textWelcome.started,textWelcome.stopped,keyWelcome.keys,keyWelcome.rt,keyWelcome.started,keyWelcome.stopped,textStart.started,textStart.stopped,keyStart.keys,keyStart.rt,keyStart.started,keyStart.stopped,imageTrailBefore_1.started,imageTrailBefore_1.stopped,imageTrialBefore_2.started,imageTrialBefore_2.stopped,imageTrialBefore_3.started,imageTrialBefore_3.stopped,imageTrialCue_1.started,imageTrialCue_1.stopped,imageTrialCue_2.started,imageTrialCue_2.stopped,imageTrialCue_3.started,imageTrialCue_3.stopped,stimulus_interval,imageTrialTarget_1.started,imageTrialTarget_1.stopped,imageTrialTarget_2.started,imageTrialTarget_2.stopped,imageTrialTarget_3.started,imageTrialTarget_3.stopped,keyResponse.keys,keyResponse.rt,keyResponse.started,keyResponse.stopped,textBlank500.started,textBlank500.stopped,participant,session,date,expName,psychopyVersion,frameRate,
,,,,,,,,,,,,,12.216289600008167,None,space,4.58538090006914,12.216289600008167,None,,,,,,,,,,,,,,,,,,,,,,,,,,,,,,,,,001,2020_Apr_01_2106,experiment,2020.1.3,59.92459089266207,
,,,,,,,,,,,,,,,,,,,16.828951600007713,None,space,0.37356169999111444,16.828951600007713,None,,,,,,,,,,,,,,,,,,,,,,,,,,,001,2020_Apr_01_2106,experiment,2020.1.3,59.92459089266207,
images/light_grey_box_with_cue,images/light_grey_box,images/light_grey_box,images/light_grey_box,images/light_grey_box_with_target,images/light_grey_box,0,0,0.15,0,0,0,3,,,,,,,,,,,,,17.297035399940796,None,17.297035399940796,None,17.297035399940796,None,18.28112770000007,None,18.28112770000007,None,18.28112770000007,None,0.65,18.47791169991251,18.61015059996862,18.47791169991251,18.61015059996862,18.47791169991251,18.61015059996862,space,0.30611460004001856,18.47791169991251,None,18.81519799993839,None,,001,2020_Apr_01_2106,experiment,2020.1.3,59.92459089266207,
images/light_grey_box,images/light_grey_box,images/light_grey_box_with_cue,images/light_grey_box,images/light_grey_box,images/light_grey_box_with_target,0,1,1.25,0,1,1,37,,,,,,,,,,,,,19.32687079999596,None,19.32687079999596,None,19.32687079999596,None,20.33513809996657,None,20.33513809996657,None,20.33513809996657,None,0.44999999999999996,20.54317610000726,20.676583099993877,20.54317610000726,20.676583099993877,20.54317610000726,20.676583099993877,space,0.14759539999067783,20.54317610000726,None,20.713064900017343,None,,001,2020_Apr_01_2106,experiment,2020.1.3,59.92459089266207,
images/light_grey_box,images/light_grey_box,images/light_grey_box,images/light_grey_box,images/light_grey_box_with_target,images/light_grey_box,0,1,1.25,0,2,2,35,,,,,,,,,,,,,21.228383800014853,None,21.228383800014853,None,21.228383800014853,None,22.24622079997789,None,22.24622079997789,None,22.24622079997789,None,0.2,22.39610889996402,None,22.39610889996402,None,22.39610889996402,None,space,0.2651035999879241,22.39610889996402,None,22.68211739999242,None,,001,2020_Apr_01_2106,experiment,2020.1.3,59.92459089266207,
images/light_grey_box,images/light_grey_box,images/light_grey_box_with_cue,images/light_grey_box,images/light_grey_box_with_target,images/light_grey_box,0,1,1.25,0,3,3,31,,,,,,,,,,,,,23.193446499994025,None,23.193446499994025,None,23.193446499994025,None,24.216682599973865,None,24.216682599973865,None,24.216682599973865,None,0.44999999999999996,24.442912900005467,24.493756699957885,24.442912900005467,24.493756699957885,24.442912900005467,24.493756699957885,space,0.24334220006130636,24.442912900005467,None,24.713882399955764,None,,001,2020_Apr_01_2106,experiment,2020.1.3,59.92459089266207,
images/light_grey_box,images/light_grey_box,images/light_grey_box,images/light_grey_box,images/light_grey_box_with_target,images/light_grey_box,0,1,1.25,0,4,4,34,,,,,,,,,,,,,25.226565899909474,None,25.226565899909474,None,25.226565899909474,None,26.244197999942116,None,26.244197999942116,None,26.244197999942116,None,0.44999999999999996,26.510065299924463,26.56043710000813,26.510065299924463,26.56043710000813,26.510065299924463,26.56043710000813,space,0.16867649997584522,26.510065299924463,None,26.712300600018352,None,,001,2020_Apr_01_2106,experiment,2020.1.3,59.92459089266207,
images/light_grey_box_with_cue,images/light_grey_box,images/light_grey_box,images/light_grey_box,images/light_grey_box_with_target,images/light_grey_box,0,0,0.15,0,5,5,5,,,,,,,,,,,,,27.227058799937367,None,27.227058799937367,None,27.227058799937367,None,28.246243099914864,None,28.246243099914864,None,28.246243099914864,None,0.35,28.44196969992481,28.54215489991475,28.44196969992481,28.54215489991475,28.44196969992481,28.54215489991475,space,1.7883678999496624,28.44196969992481,None,30.261361600016244,None,,001,2020_Apr_01_2106,experiment,2020.1.3,59.92459089266207,
images/light_grey_box_with_cue,images/light_grey_box,images/light_grey_box,images/light_grey_box,images/light_grey_box_with_target,images/light_grey_box,0,1,1.25,0,6,6,21,,,,,,,,,,,,,30.77616140001919,None,30.77616140001919,None,30.77616140001919,None,31.793671799940057,None,31.793671799940057,None,31.793671799940057,None,0.15,31.974900299916044,32.07478259992786,31.974900299916044,32.07478259992786,31.974900299916044,32.07478259992786,space,0.259275000076741,31.974900299916044,None,32.25973829999566,None,,001,2020_Apr_01_2106,experiment,2020.1.3,59.92459089266207,
images/light_grey_box,images/light_grey_box,images/light_grey_box,images/light_grey_box,images/light_grey_box_with_target,images/light_grey_box,0,1,1.25,0,7,7,36,,,,,,,,,,,,,32.77460559993051,None,32.77460559993051,None,32.77460559993051,None,33.784267099923454,None,33.784267099923454,None,33.784267099923454,None,0.2,33.97546689992305,34.07445509999525,33.97546689992305,34.07445509999525,33.97546689992305,34.07445509999525,space,0.17811589990742505,33.97546689992305,None,34.17595910001546,None,,001,2020_Apr_01_2106,experiment,2020.1.3,59.92459089266207,
images/light_grey_box_with_cue,images/light_grey_box,images/light_grey_box,images/light_grey_box,images/light_grey_box,images/light_grey_box,0,0,0.15,0,8,8,8,,,,,,,,,,,,,34.677302700001746,None,34.677302700001746,None,34.677302700001746,None,35.7028721999377,None,35.7028721999377,None,35.7028721999377,None,0.25,35.908989100018516,36.09178399993107,35.908989100018516,36.09178399993107,35.908989100018516,36.09178399993107,space,0.24401099991519004,35.908989100018516,None,36.18288480001502,None,,001,2020_Apr_01_2106,experiment,2020.1.3,59.92459089266207,
images/light_grey_box_with_cue,images/light_grey_box,images/light_grey_box,images/light_grey_box,images/light_grey_box_with_target,images/light_grey_box,0,0,0.15,0,9,9,2,,,,,,,,,,,,,36.69148429995403,None,36.69148429995403,None,36.69148429995403,None,37.71423959999811,None,37.71423959999811,None,37.71423959999811,None,0.65,37.87132059992291,38.00682849995792,37.87132059992291,38.00682849995792,37.87132059992291,38.00682849995792,space,0.2696027000201866,37.87132059992291,None,38.15979619999416,None,,001,2020_Apr_01_2106,experiment,2020.1.3,59.92459089266207,
images/light_grey_box_with_cue,images/light_grey_box,images/light_grey_box,images/light_grey_box,images/light_grey_box_with_target,images/light_grey_box,0,0,0.15,0,10,10,0,,,,,,,,,,,,,38.673531999927945,None,38.673531999927945,None,38.673531999927945,None,39.68326449999586,None,39.68326449999586,None,39.68326449999586,None,0.2,39.83558929990977,40.03978869994171,39.83558929990977,40.03978869994171,39.83558929990977,40.03978869994171,space,0.32578129996545613,39.83558929990977,None,40.190965299960226,None,,001,2020_Apr_01_2106,experiment,2020.1.3,59.92459089266207,
images/light_grey_box_with_cue,images/light_grey_box,images/light_grey_box,images/light_grey_box,images/light_grey_box,images/light_grey_box_with_target,0,1,1.25,0,11,11,27,,,,,,,,,,,,,40.70961099991109,None,40.70961099991109,None,40.70961099991109,None,41.71952059993055,None,41.71952059993055,None,41.71952059993055,None,0.25,41.95620969997253,42.105987099930644,41.95620969997253,42.105987099930644,41.95620969997253,42.105987099930644,space,0.39116360002662987,41.95620969997253,None,42.373988099978305,None,,001,2020_Apr_01_2106,experiment,2020.1.3,59.92459089266207,
images/light_grey_box_with_cue,images/light_grey_box,images/light_grey_box,images/light_grey_box,images/light_grey_box,images/light_grey_box,0,0,0.15,0,12,12,9,,,,,,,,,,,,,42.88934300001711,None,42.88934300001711,None,42.88934300001711,None,43.8991913999198,None,43.8991913999198,None,43.8991913999198,None,0.25,44.07242119999137,44.188931999960914,44.07242119999137,44.188931999960914,44.07242119999137,44.188931999960914,space,0.352783799986355,44.07242119999137,None,44.44564359996002,None,,001,2020_Apr_01_2106,experiment,2020.1.3,59.92459089266207,
images/light_grey_box,images/light_grey_box,images/light_grey_box_with_cue,images/light_grey_box,images/light_grey_box_with_target,images/light_grey_box,0,0,0.15,0,13,13,13,,,,,,,,,,,,,44.95789389999118,None,44.95789389999118,None,44.95789389999118,None,45.964641099912114,None,45.964641099912114,None,45.964641099912114,None,0.2,46.204998199944384,46.321801299927756,46.204998199944384,46.321801299927756,46.204998199944384,46.321801299927756,space,0.5405386999482289,46.204998199944384,None,46.77371410001069,None,,001,2020_Apr_01_2106,experiment,2020.1.3,59.92459089266207,
images/light_grey_box,images/light_grey_box,images/light_grey_box_with_cue,images/light_grey_box,images/light_grey_box,images/light_grey_box,0,1,1.25,0,14,14,39,,,,,,,,,,,,,47.28920359991025,None,47.28920359991025,None,47.28920359991025,None,48.302693799952976,None,48.302693799952976,None,48.302693799952976,None,0.44999999999999996,48.44645559997298,48.621299499995075,48.44645559997298,48.621299499995075,48.44645559997298,48.621299499995075,space,1.1241017000284046,48.44645559997298,None,49.589064199943095,None,,001,2020_Apr_01_2106,experiment,2020.1.3,59.92459089266207,
images/light_grey_box_with_cue,images/light_grey_box,images/light_grey_box,images/light_grey_box,images/light_grey_box,images/light_grey_box,0,1,1.25,0,15,15,28,,,,,,,,,,,,,50.09219439991284,None,50.09219439991284,None,50.09219439991284,None,51.11530900001526,None,51.11530900001526,None,51.11530900001526,None,0.2,51.35484639997594,51.55487150000408,51.35484639997594,51.55487150000408,51.35484639997594,51.55487150000408,space,0.7289890999672934,51.35484639997594,None,52.10587959992699,None,,001,2020_Apr_01_2106,experiment,2020.1.3,59.92459089266207,
images/light_grey_box_with_cue,images/light_grey_box,images/light_grey_box,images/light_grey_box,images/light_grey_box_with_target,images/light_grey_box,0,1,1.25,0,16,16,25,,,,,,,,,,,,,52.6219565999927,None,52.6219565999927,None,52.6219565999927,None,53.63818759995047,None,53.63818759995047,None,53.63818759995047,None,0.65,53.853634399943985,53.936831799917854,53.853634399943985,53.936831799917854,53.853634399943985,53.936831799917854,space,0.3755132999503985,53.853634399943985,None,54.25645839993376,None,,001,2020_Apr_01_2106,experiment,2020.1.3,59.92459089266207,
images/light_grey_box_with_cue,images/light_grey_box,images/light_grey_box,images/light_grey_box,images/light_grey_box_with_target,images/light_grey_box,0,0,0.15,0,17,17,1,,,,,,,,,,,,,54.77093120000791,None,54.77093120000791,None,54.77093120000791,None,55.781946199946105,None,55.781946199946105,None,55.781946199946105,None,0.35,56.02074609999545,56.13721399998758,56.02074609999545,56.13721399998758,56.02074609999545,56.13721399998758,space,0.4615735000697896,56.02074609999545,None,56.504302399931476,None,,001,2020_Apr_01_2106,experiment,2020.1.3,59.92459089266207,
