﻿image_cue_1,image_cue_2,image_cue_3,image_target_1,image_target_2,image_target_3,corrAns,trials.thisRepN,trials.thisTrialN,trials.thisN,trials.thisIndex,textWelcome.started,textWelcome.stopped,keyWelcome.keys,keyWelcome.rt,keyWelcome.started,keyWelcome.stopped,textStart.started,textStart.stopped,keyStart.keys,keyStart.rt,keyStart.started,keyStart.stopped,imageTrailBefore_1.started,imageTrailBefore_1.stopped,imageTrialBefore_2.started,imageTrialBefore_2.stopped,imageTrialBefore_3.started,imageTrialBefore_3.stopped,imageTrialCue_1.started,imageTrialCue_1.stopped,imageTrialCue_2.started,imageTrialCue_2.stopped,imageTrialCue_3.started,imageTrialCue_3.stopped,imageTrialTarget_1.started,imageTrialTarget_1.stopped,imageTrialTarget_2.started,imageTrialTarget_2.stopped,imageTrialTarget_3.started,imageTrialTarget_3.stopped,keyResponse.keys,keyResponse.corr,keyResponse.rt,keyResponse.started,keyResponse.stopped,textBlank500.started,textBlank500.stopped,participant,session,date,expName,psychopyVersion,frameRate,
,,,,,,,,,,,9.964471400016919,None,space,3.091041799983941,9.964471400016919,None,,,,,,,,,,,,,,,,,,,,,,,,,,,,,,,,,001,2020_Apr_01_1607,experiment,2020.1.3,59.941616867213185,
,,,,,,,,,,,,,,,,,13.07806630001869,None,space,0.6470096999546513,13.07806630001869,None,,,,,,,,,,,,,,,,,,,,,,,,,,,001,2020_Apr_01_1607,experiment,2020.1.3,59.941616867213185,
images/light_grey_box_with_cue,images/light_grey_box,images/light_grey_box,images/light_grey_box,images/light_grey_box,images/light_grey_box_with_target,right,0,0,0,7,,,,,,,,,,,,,13.812688300036825,None,13.812688300036825,None,13.812688300036825,None,14.792131699970923,None,14.792131699970923,None,14.792131699970923,None,15.79296550003346,None,15.79296550003346,None,15.79296550003346,None,right,1,0.5670283000217751,15.79296550003346,None,16.384701100061648,None,,001,2020_Apr_01_1607,experiment,2020.1.3,59.941616867213185,
images/light_grey_box_with_cue,images/light_grey_box,images/light_grey_box,images/light_grey_box,images/light_grey_box_with_target,images/light_grey_box,down,0,1,1,3,,,,,,,,,,,,,16.89419659995474,None,16.89419659995474,None,16.89419659995474,None,17.94137330004014,None,17.94137330004014,None,17.94137330004014,None,18.965482100029476,None,18.965482100029476,None,18.965482100029476,None,down,1,0.5394951000344008,18.965482100029476,None,19.52657280000858,None,,001,2020_Apr_01_1607,experiment,2020.1.3,59.941616867213185,
images/light_grey_box,images/light_grey_box,images/light_grey_box_with_cue,images/light_grey_box,images/light_grey_box_with_target,images/light_grey_box,down,0,2,2,12,,,,,,,,,,,,,20.040267599979416,None,20.040267599979416,None,20.040267599979416,None,21.068472799961455,None,21.068472799961455,None,21.068472799961455,None,22.092418299987912,None,22.092418299987912,None,22.092418299987912,None,down,1,0.5164716000435874,22.092418299987912,None,22.640018100035377,None,,001,2020_Apr_01_1607,experiment,2020.1.3,59.941616867213185,
images/light_grey_box,images/light_grey_box,images/light_grey_box_with_cue,images/light_grey_box,images/light_grey_box_with_target,images/light_grey_box,down,0,3,3,11,,,,,,,,,,,,,23.143445400055498,None,23.143445400055498,None,23.143445400055498,None,24.177033000043593,None,24.177033000043593,None,24.177033000043593,None,25.206214000005275,None,25.206214000005275,None,25.206214000005275,None,down,1,0.3737505000317469,25.206214000005275,None,25.607043100055307,None,,001,2020_Apr_01_1607,experiment,2020.1.3,59.941616867213185,
images/light_grey_box,images/light_grey_box,images/light_grey_box_with_cue,images/light_grey_box,images/light_grey_box_with_target,images/light_grey_box,down,0,4,4,14,,,,,,,,,,,,,26.108247500029393,None,26.108247500029393,None,26.108247500029393,None,27.155763200018555,None,27.155763200018555,None,27.155763200018555,None,28.204813200049102,None,28.204813200049102,None,28.204813200049102,None,down,1,0.5050808999221772,28.204813200049102,None,28.74066460004542,None,,001,2020_Apr_01_1607,experiment,2020.1.3,59.941616867213185,
images/light_grey_box_with_cue,images/light_grey_box,images/light_grey_box,images/light_grey_box,images/light_grey_box,images/light_grey_box,None,0,5,5,9,,,,,,,,,,,,,29.256287300027907,None,29.256287300027907,None,29.256287300027907,None,30.299079000018537,None,30.299079000018537,None,30.299079000018537,None,31.320889899972826,None,31.320889899972826,None,31.320889899972826,None,None,1,,31.320889899972826,None,32.32422840001527,None,,001,2020_Apr_01_1607,experiment,2020.1.3,59.941616867213185,
images/light_grey_box_with_cue,images/light_grey_box,images/light_grey_box,images/light_grey_box,images/light_grey_box,images/light_grey_box,None,0,6,6,8,,,,,,,,,,,,,32.84235379996244,None,32.84235379996244,None,32.84235379996244,None,33.87961870001163,None,33.87961870001163,None,33.87961870001163,None,34.91114149999339,None,34.91114149999339,None,34.91114149999339,None,None,1,,34.91114149999339,None,35.93607279995922,None,,001,2020_Apr_01_1607,experiment,2020.1.3,59.941616867213185,
images/light_grey_box,images/light_grey_box,images/light_grey_box_with_cue,images/light_grey_box_with_target,images/light_grey_box,images/light_grey_box,left,0,7,7,16,,,,,,,,,,,,,36.43729719996918,None,36.43729719996918,None,36.43729719996918,None,37.46531350002624,None,37.46531350002624,None,37.46531350002624,None,38.497617800021544,None,38.497617800021544,None,38.497617800021544,None,left,1,0.5387990000890568,38.497617800021544,None,39.05457449995447,None,,001,2020_Apr_01_1607,experiment,2020.1.3,59.941616867213185,
images/light_grey_box,images/light_grey_box,images/light_grey_box_with_cue,images/light_grey_box,images/light_grey_box,images/light_grey_box,None,0,8,8,19,,,,,,,,,,,,,39.55594590003602,None,39.55594590003602,None,39.55594590003602,None,40.59093000006396,None,40.59093000006396,None,40.59093000006396,None,41.628568100044504,None,41.628568100044504,None,41.628568100044504,None,None,1,,41.628568100044504,None,42.63561450003181,None,,001,2020_Apr_01_1607,experiment,2020.1.3,59.941616867213185,
images/light_grey_box,images/light_grey_box,images/light_grey_box_with_cue,images/light_grey_box,images/light_grey_box_with_target,images/light_grey_box,down,0,9,9,13,,,,,,,,,,,,,43.136238600010984,None,43.136238600010984,None,43.136238600010984,None,44.15443880006205,None,44.15443880006205,None,44.15443880006205,None,45.21263079997152,None,45.21263079997152,None,45.21263079997152,None,down,1,0.4724132000701502,45.21263079997152,None,45.702640200033784,None,,001,2020_Apr_01_1607,experiment,2020.1.3,59.941616867213185,
images/light_grey_box,images/light_grey_box,images/light_grey_box_with_cue,images/light_grey_box,images/light_grey_box,images/light_grey_box_with_target,right,0,10,10,17,,,,,,,,,,,,,46.20369700004812,None,46.20369700004812,None,46.20369700004812,None,47.23636340000667,None,47.23636340000667,None,47.23636340000667,None,48.26970850001089,None,48.26970850001089,None,48.26970850001089,None,right,1,0.47777419991325587,48.26970850001089,None,48.772347099962644,None,,001,2020_Apr_01_1607,experiment,2020.1.3,59.941616867213185,
,,,,,,,,,,,,,,,,,,,,,,,49.28661009995267,None,49.28661009995267,None,49.28661009995267,None,,,,,,,,,,,,,,,,,,,,,,,,,,
