﻿image_cue_1,image_cue_2,image_cue_3,image_target_1,image_target_2,image_target_3,corrAns,trials.thisRepN,trials.thisTrialN,trials.thisN,trials.thisIndex,textWelcome.started,textWelcome.stopped,keyWelcome.keys,keyWelcome.rt,keyWelcome.started,keyWelcome.stopped,textStart.started,textStart.stopped,keyStart.keys,keyStart.rt,keyStart.started,keyStart.stopped,imageTrailBefore_1.started,imageTrailBefore_1.stopped,imageTrialBefore_2.started,imageTrialBefore_2.stopped,imageTrialBefore_3.started,imageTrialBefore_3.stopped,imageTrialCue_1.started,imageTrialCue_1.stopped,imageTrialCue_2.started,imageTrialCue_2.stopped,imageTrialCue_3.started,imageTrialCue_3.stopped,imageTrialTarget_1.started,imageTrialTarget_1.stopped,imageTrialTarget_2.started,imageTrialTarget_2.stopped,imageTrialTarget_3.started,imageTrialTarget_3.stopped,keyResponse.keys,keyResponse.rt,keyResponse.started,keyResponse.stopped,textBlank500.started,textBlank500.stopped,participant,session,date,expName,psychopyVersion,frameRate,
,,,,,,,,,,,9.870960999978706,None,space,0.8091191001003608,9.870960999978706,None,,,,,,,,,,,,,,,,,,,,,,,,,,,,,,,,001,2020_Apr_01_1714,experiment,2020.1.3,60.10503955528078,
,,,,,,,,,,,,,,,,,10.711013399995863,None,space,0.6654949999647215,10.711013399995863,None,,,,,,,,,,,,,,,,,,,,,,,,,,001,2020_Apr_01_1714,experiment,2020.1.3,60.10503955528078,
images/light_grey_box,images/light_grey_box,images/light_grey_box_with_cue,images/light_grey_box,images/light_grey_box_with_target,images/light_grey_box,down,0,0,0,12,,,,,,,,,,,,,11.760027999989688,None,11.760027999989688,None,11.760027999989688,None,12.445893600001,None,12.445893600001,None,12.445893600001,None,12.626588799990714,12.826702999998815,12.626588799990714,12.826702999998815,12.626588799990714,12.826702999998815,space,0.4631605999311432,12.593536400003359,None,13.078333399957046,None,,001,2020_Apr_01_1714,experiment,2020.1.3,60.10503955528078,
images/light_grey_box,images/light_grey_box,images/light_grey_box_with_cue,images/light_grey_box,images/light_grey_box_with_target,images/light_grey_box,down,0,1,1,10,,,,,,,,,,,,,13.592964399955235,None,13.592964399955235,None,13.592964399955235,None,14.610364699969068,None,14.610364699969068,None,14.610364699969068,None,14.792590499971993,14.992590299923904,14.792590499971993,14.992590299923904,14.792590499971993,14.992590299923904,space,0.4400556000182405,14.757331699947827,None,15.226229599909857,None,,001,2020_Apr_01_1714,experiment,2020.1.3,60.10503955528078,
images/light_grey_box_with_cue,images/light_grey_box,images/light_grey_box,images/light_grey_box,images/light_grey_box_with_target,images/light_grey_box,down,0,2,2,2,,,,,,,,,,,,,15.725830200011842,None,15.725830200011842,None,15.725830200011842,None,16.74588419997599,None,16.74588419997599,None,16.74588419997599,None,16.94229819998145,None,16.94229819998145,None,16.94229819998145,None,space,0.21511079999618232,16.907046500011347,None,17.14274529996328,None,,001,2020_Apr_01_1714,experiment,2020.1.3,60.10503955528078,
images/light_grey_box_with_cue,images/light_grey_box,images/light_grey_box,images/light_grey_box_with_target,images/light_grey_box,images/light_grey_box,left,0,3,3,6,,,,,,,,,,,,,17.642688099993393,None,17.642688099993393,None,17.642688099993393,None,18.664689800003543,None,18.664689800003543,None,18.664689800003543,None,18.85856209998019,19.058407499920577,18.85856209998019,19.058407499920577,18.85856209998019,19.058407499920577,space,0.5474951999494806,18.825080599985085,None,19.392536300001666,None,,001,2020_Apr_01_1714,experiment,2020.1.3,60.10503955528078,
images/light_grey_box,images/light_grey_box,images/light_grey_box_with_cue,images/light_grey_box,images/light_grey_box,images/light_grey_box,up,0,4,4,18,,,,,,,,,,,,,19.891654299921356,None,19.891654299921356,None,19.891654299921356,None,20.91105749993585,None,20.91105749993585,None,20.91105749993585,None,21.10827570001129,21.307885800022632,21.10827570001129,21.307885800022632,21.10827570001129,21.307885800022632,space,0.2861306000268087,21.0721514999168,None,21.375363299972378,None,,001,2020_Apr_01_1714,experiment,2020.1.3,60.10503955528078,
images/light_grey_box,images/light_grey_box,images/light_grey_box_with_cue,images/light_grey_box,images/light_grey_box_with_target,images/light_grey_box,down,0,5,5,14,,,,,,,,,,,,,21.87455529998988,None,21.87455529998988,None,21.87455529998988,None,22.895146999973804,None,22.895146999973804,None,22.895146999973804,None,23.090762999956496,23.29107669997029,23.090762999956496,23.29107669997029,23.090762999956496,23.29107669997029,space,0.24004259996581823,23.05633279995527,None,23.326898299972527,None,,001,2020_Apr_01_1714,experiment,2020.1.3,60.10503955528078,
images/light_grey_box_with_cue,images/light_grey_box,images/light_grey_box,images/light_grey_box,images/light_grey_box,images/light_grey_box,up,0,6,6,8,,,,,,,,,,,,,23.84088149992749,None,23.84088149992749,None,23.84088149992749,None,24.860679099918343,None,24.860679099918343,None,24.860679099918343,None,25.057634999975562,25.257421599933878,25.057634999975562,25.257421599933878,25.057634999975562,25.257421599933878,space,0.441579999984242,25.013149500009604,None,25.474689799943008,None,,001,2020_Apr_01_1714,experiment,2020.1.3,60.10503955528078,
images/light_grey_box,images/light_grey_box,images/light_grey_box_with_cue,images/light_grey_box,images/light_grey_box,images/light_grey_box,up,0,7,7,19,,,,,,,,,,,,,25.977624299935997,None,25.977624299935997,None,25.977624299935997,None,27.011182299931534,None,27.011182299931534,None,27.011182299931534,None,27.20701759995427,27.40766889997758,27.20701759995427,27.40766889997758,27.20701759995427,27.40766889997758,space,1.0541768999537453,27.16093929996714,None,28.243930500000715,None,,001,2020_Apr_01_1714,experiment,2020.1.3,60.10503955528078,
images/light_grey_box_with_cue,images/light_grey_box,images/light_grey_box,images/light_grey_box,images/light_grey_box_with_target,images/light_grey_box,down,0,8,8,4,,,,,,,,,,,,,28.757589099928737,None,28.757589099928737,None,28.757589099928737,None,29.77475450001657,None,29.77475450001657,None,29.77475450001657,None,29.957218699972145,30.156463999999687,29.957218699972145,30.156463999999687,29.957218699972145,30.156463999999687,space,0.405378199997358,29.92366209998727,None,30.356880499981344,None,,001,2020_Apr_01_1714,experiment,2020.1.3,60.10503955528078,
images/light_grey_box,images/light_grey_box,images/light_grey_box_with_cue,images/light_grey_box,images/light_grey_box_with_target,images/light_grey_box,down,0,9,9,13,,,,,,,,,,,,,30.856100299977697,None,30.856100299977697,None,30.856100299977697,None,31.876383999944665,None,31.876383999944665,None,31.876383999944665,None,32.07308479992207,32.27265229995828,32.07308479992207,32.27265229995828,32.07308479992207,32.27265229995828,space,0.36806290003005415,32.03815299994312,None,32.423653499921784,None,,001,2020_Apr_01_1714,experiment,2020.1.3,60.10503955528078,
images/light_grey_box,images/light_grey_box,images/light_grey_box_with_cue,images/light_grey_box,images/light_grey_box_with_target,images/light_grey_box,down,0,10,10,15,,,,,,,,,,,,,32.92244280001614,None,32.92244280001614,None,32.92244280001614,None,33.94394839997403,None,33.94394839997403,None,33.94394839997403,None,34.13929710001685,34.33935839997139,34.13929710001685,34.33935839997139,34.13929710001685,34.33935839997139,space,0.28244169999379665,34.103893099934794,None,34.40614550001919,None,,001,2020_Apr_01_1714,experiment,2020.1.3,60.10503955528078,
images/light_grey_box_with_cue,images/light_grey_box,images/light_grey_box,images/light_grey_box,images/light_grey_box_with_target,images/light_grey_box,down,0,11,11,0,,,,,,,,,,,,,34.921962399967015,None,34.921962399967015,None,34.921962399967015,None,35.94018859998323,None,35.94018859998323,None,35.94018859998323,None,36.12182549992576,36.32155029999558,36.12182549992576,36.32155029999558,36.12182549992576,36.32155029999558,space,0.2857743001077324,36.08649289992172,None,36.3889046999393,None,,001,2020_Apr_01_1714,experiment,2020.1.3,60.10503955528078,
images/light_grey_box_with_cue,images/light_grey_box,images/light_grey_box,images/light_grey_box,images/light_grey_box,images/light_grey_box_with_target,right,0,12,12,7,,,,,,,,,,,,,36.88815050001722,None,36.88815050001722,None,36.88815050001722,None,37.90810200001579,None,37.90810200001579,None,37.90810200001579,None,38.10466069995891,38.30466169991996,38.10466069995891,38.30466169991996,38.10466069995891,38.30466169991996,space,0.38605099997948855,38.07074220001232,None,38.48967979999725,None,,001,2020_Apr_01_1714,experiment,2020.1.3,60.10503955528078,
images/light_grey_box,images/light_grey_box,images/light_grey_box_with_cue,images/light_grey_box,images/light_grey_box,images/light_grey_box_with_target,right,0,13,13,17,,,,,,,,,,,,,39.00456429994665,None,39.00456429994665,None,39.00456429994665,None,40.020842899917625,None,40.020842899917625,None,40.020842899917625,None,40.20423209993169,40.40405169990845,40.20423209993169,40.40405169990845,40.20423209993169,40.40405169990845,space,0.2355092999059707,40.17017820000183,None,40.421278699999675,None,,001,2020_Apr_01_1714,experiment,2020.1.3,60.10503955528078,
images/light_grey_box_with_cue,images/light_grey_box,images/light_grey_box,images/light_grey_box,images/light_grey_box_with_target,images/light_grey_box,down,0,14,14,5,,,,,,,,,,,,,40.92074580001645,None,40.92074580001645,None,40.92074580001645,None,41.94113099994138,None,41.94113099994138,None,41.94113099994138,None,42.13756119995378,42.337066299980506,42.13756119995378,42.337066299980506,42.13756119995378,42.337066299980506,space,0.24717520002741367,42.10417129995767,None,42.37100309995003,None,,001,2020_Apr_01_1714,experiment,2020.1.3,60.10503955528078,
images/light_grey_box,images/light_grey_box,images/light_grey_box_with_cue,images/light_grey_box_with_target,images/light_grey_box,images/light_grey_box,left,0,15,15,16,,,,,,,,,,,,,42.87053399998695,None,42.87053399998695,None,42.87053399998695,None,43.88920400000643,None,43.88920400000643,None,43.88920400000643,None,44.08710649993736,44.28689340001438,44.08710649993736,44.28689340001438,44.08710649993736,44.28689340001438,space,0.3790529000107199,44.05122499994468,None,44.45343719993252,None,,001,2020_Apr_01_1714,experiment,2020.1.3,60.10503955528078,
images/light_grey_box_with_cue,images/light_grey_box,images/light_grey_box,images/light_grey_box,images/light_grey_box_with_target,images/light_grey_box,down,0,16,16,3,,,,,,,,,,,,,44.95322689996101,None,44.95322689996101,None,44.95322689996101,None,45.970722099998966,None,45.970722099998966,None,45.970722099998966,None,46.16976199997589,46.37005019991193,46.16976199997589,46.37005019991193,46.16976199997589,46.37005019991193,space,0.43229849997442216,46.134793199948035,None,46.5867173000006,None,,001,2020_Apr_01_1714,experiment,2020.1.3,60.10503955528078,
images/light_grey_box_with_cue,images/light_grey_box,images/light_grey_box,images/light_grey_box,images/light_grey_box_with_target,images/light_grey_box,down,0,17,17,1,,,,,,,,,,,,,47.086434399941936,None,47.086434399941936,None,47.086434399941936,None,48.10545699996874,None,48.10545699996874,None,48.10545699996874,None,48.30272809998132,48.502616000012495,48.30272809998132,48.502616000012495,48.30272809998132,48.502616000012495,space,0.42470229999162257,48.26872970000841,None,48.7195742999902,None,,001,2020_Apr_01_1714,experiment,2020.1.3,60.10503955528078,
images/light_grey_box_with_cue,images/light_grey_box,images/light_grey_box,images/light_grey_box,images/light_grey_box,images/light_grey_box,up,0,18,18,9,,,,,,,,,,,,,49.21907819993794,None,49.21907819993794,None,49.21907819993794,None,50.2366549000144,None,50.2366549000144,None,50.2366549000144,None,50.43724130000919,50.65207940002438,50.43724130000919,50.65207940002438,50.43724130000919,50.65207940002438,space,0.2702385999727994,50.3981722999597,None,50.68661779991817,None,,001,2020_Apr_01_1714,experiment,2020.1.3,60.10503955528078,
images/light_grey_box,images/light_grey_box,images/light_grey_box_with_cue,images/light_grey_box,images/light_grey_box_with_target,images/light_grey_box,down,0,19,19,11,,,,,,,,,,,,,51.2019381999271,None,51.2019381999271,None,51.2019381999271,None,52.21954660001211,None,52.21954660001211,None,52.21954660001211,None,52.4019109000219,None,52.4019109000219,None,52.4019109000219,None,space,0.1477045000065118,52.36639719991945,None,52.53608260001056,None,,001,2020_Apr_01_1714,experiment,2020.1.3,60.10503955528078,
images/light_grey_box,images/light_grey_box,images/light_grey_box_with_cue,images/light_grey_box,images/light_grey_box_with_target,images/light_grey_box,down,1,0,20,13,,,,,,,,,,,,,53.05232709995471,None,53.05232709995471,None,53.05232709995471,None,54.06894869997632,None,54.06894869997632,None,54.06894869997632,None,54.25144089991227,None,54.25144089991227,None,54.25144089991227,None,space,0.0050888999830931425,54.216600699932314,None,54.252175299916416,None,,001,2020_Apr_01_1714,experiment,2020.1.3,60.10503955528078,
images/light_grey_box,images/light_grey_box,images/light_grey_box_with_cue,images/light_grey_box,images/light_grey_box,images/light_grey_box,up,1,1,21,19,,,,,,,,,,,,,54.76801080000587,None,54.76801080000587,None,54.76801080000587,None,55.78445869998541,None,55.78445869998541,None,55.78445869998541,None,55.96767009992618,56.16770549991634,55.96767009992618,56.16770549991634,55.96767009992618,56.16770549991634,space,0.30602229991927743,55.93127609998919,None,56.26814950001426,None,,001,2020_Apr_01_1714,experiment,2020.1.3,60.10503955528078,
,,,,,,,,,,,,,,,,,,,,,,,56.767892099916935,None,56.767892099916935,None,56.767892099916935,None,57.78323099995032,None,57.78323099995032,None,57.78323099995032,None,,,,,,,,,,,,,,,,,,,
