﻿image_cue_1,image_cue_2,image_cue_3,image_target_1,image_target_2,image_target_3,corrAns,trials.thisRepN,trials.thisTrialN,trials.thisN,trials.thisIndex,textWelcome.started,textWelcome.stopped,keyWelcome.keys,keyWelcome.rt,keyWelcome.started,keyWelcome.stopped,textStart.started,textStart.stopped,keyStart.keys,keyStart.rt,keyStart.started,keyStart.stopped,imageTrailBefore_1.started,imageTrailBefore_1.stopped,imageTrialBefore_2.started,imageTrialBefore_2.stopped,imageTrialBefore_3.started,imageTrialBefore_3.stopped,imageTrialCue_1.started,imageTrialCue_1.stopped,imageTrialCue_2.started,imageTrialCue_2.stopped,imageTrialCue_3.started,imageTrialCue_3.stopped,imageTrialTarget_1.started,imageTrialTarget_1.stopped,imageTrialTarget_2.started,imageTrialTarget_2.stopped,imageTrialTarget_3.started,imageTrialTarget_3.stopped,keyResponse.keys,keyResponse.corr,keyResponse.rt,keyResponse.started,keyResponse.stopped,textBlank500.started,textBlank500.stopped,participant,session,date,expName,psychopyVersion,frameRate,
,,,,,,,,,,,10.110629200004041,None,space,1.069601699942723,10.110629200004041,None,,,,,,,,,,,,,,,,,,,,,,,,,,,,,,,,,001,2020_Apr_01_1606,experiment,2020.1.3,59.542558337823735,
,,,,,,,,,,,,,,,,,11.206322400015779,None,space,0.291516299941577,11.206322400015779,None,,,,,,,,,,,,,,,,,,,,,,,,,,,001,2020_Apr_01_1606,experiment,2020.1.3,59.542558337823735,
images/light_grey_box,images/light_grey_box,images/light_grey_box_with_cue,images/light_grey_box,images/light_grey_box_with_target,images/light_grey_box,down,0,0,0,10,,,,,,,,,,,,,11.589150800020434,None,11.589150800020434,None,11.589150800020434,None,12.585438100039028,None,12.585438100039028,None,12.585438100039028,None,13.56763810000848,None,13.56763810000848,None,13.56763810000848,None,down,1,0.8719987999647856,13.56763810000848,None,14.471230800030753,None,,001,2020_Apr_01_1606,experiment,2020.1.3,59.542558337823735,
,,,,,,,,,,,,,,,,,,,,,,,14.985719400108792,None,14.985719400108792,None,14.985719400108792,None,15.998869400005788,None,15.998869400005788,None,15.998869400005788,None,,,,,,,,,,,,,,,,,,,,
