﻿image_cue_1,image_cue_2,image_cue_3,image_target_1,image_target_2,image_target_3,targetStart,startTime,endTime,trials.thisRepN,trials.thisTrialN,trials.thisN,trials.thisIndex,textWelcome.started,textWelcome.stopped,keyWelcome.keys,keyWelcome.rt,keyWelcome.started,keyWelcome.stopped,textStart.started,textStart.stopped,keyStart.keys,keyStart.rt,keyStart.started,keyStart.stopped,imageTrailBefore_1.started,imageTrailBefore_1.stopped,imageTrialBefore_2.started,imageTrialBefore_2.stopped,imageTrialBefore_3.started,imageTrialBefore_3.stopped,imageTrialCue_1.started,imageTrialCue_1.stopped,imageTrialCue_2.started,imageTrialCue_2.stopped,imageTrialCue_3.started,imageTrialCue_3.stopped,imageTrialTarget_1.started,imageTrialTarget_1.stopped,imageTrialTarget_2.started,imageTrialTarget_2.stopped,imageTrialTarget_3.started,imageTrialTarget_3.stopped,keyResponse.keys,keyResponse.rt,keyResponse.started,keyResponse.stopped,textBlank500.started,textBlank500.stopped,participant,session,date,expName,psychopyVersion,frameRate,
,,,,,,,,,,,,,13.873142200056463,None,space,0.7294155000708997,13.873142200056463,None,,,,,,,,,,,,,,,,,,,,,,,,,,,,,,,,001,2020_Apr_01_2011,experiment,2020.1.3,59.8786977167139,
,,,,,,,,,,,,,,,,,,,14.62450799997896,None,space,1.3452747000847012,14.62450799997896,None,,,,,,,,,,,,,,,,,,,,,,,,,,001,2020_Apr_01_2011,experiment,2020.1.3,59.8786977167139,
images/light_grey_box,images/light_grey_box,images/light_grey_box_with_cue,images/light_grey_box,images/light_grey_box_with_target,images/light_grey_box,0,0,0.15,0,0,0,12,,,,,,,,,,,,,16.061680100043304,None,16.061680100043304,None,16.061680100043304,None,17.050361400004476,None,17.050361400004476,None,17.050361400004476,None,17.206062500015832,17.339044900028966,17.206062500015832,17.339044900028966,17.206062500015832,17.339044900028966,space,0.38539210008457303,17.206062500015832,None,17.6275310999481,None,,001,2020_Apr_01_2011,experiment,2020.1.3,59.8786977167139,
images/light_grey_box_with_cue,images/light_grey_box,images/light_grey_box,images/light_grey_box,images/light_grey_box,images/light_grey_box,0,0,0.15,0,1,1,8,,,,,,,,,,,,,18.140144199947827,None,18.140144199947827,None,18.140144199947827,None,19.16511509998236,None,19.16511509998236,None,19.16511509998236,None,19.313009900040925,None,19.313009900040925,None,19.313009900040925,None,space,0.08124800003133714,19.313009900040925,None,19.426039200043306,None,,001,2020_Apr_01_2011,experiment,2020.1.3,59.8786977167139,
images/light_grey_box_with_cue,images/light_grey_box,images/light_grey_box,images/light_grey_box,images/light_grey_box_with_target,images/light_grey_box,0,0,0.15,0,2,2,4,,,,,,,,,,,,,19.939602100057527,None,19.939602100057527,None,19.939602100057527,None,20.951994700008072,None,20.951994700008072,None,20.951994700008072,None,21.11691790004261,21.238704700022936,21.11691790004261,21.238704700022936,21.11691790004261,21.238704700022936,space,0.20817230001557618,21.11691790004261,None,21.35515239997767,None,,001,2020_Apr_01_2011,experiment,2020.1.3,59.8786977167139,
images/light_grey_box,images/light_grey_box,images/light_grey_box_with_cue,images/light_grey_box,images/light_grey_box,images/light_grey_box_with_target,0,0,0.15,0,3,3,17,,,,,,,,,,,,,21.85678839997854,None,21.85678839997854,None,21.85678839997854,None,22.905329299974255,None,22.905329299974255,None,22.905329299974255,None,23.044146099942736,23.188468200038187,23.044146099942736,23.188468200038187,23.044146099942736,23.188468200038187,space,0.27253279997967184,23.044146099942736,None,23.34164590004366,None,,001,2020_Apr_01_2011,experiment,2020.1.3,59.8786977167139,
images/light_grey_box_with_cue,images/light_grey_box,images/light_grey_box,images/light_grey_box,images/light_grey_box,images/light_grey_box,0,0,0.15,0,4,4,9,,,,,,,,,,,,,23.855437600053847,None,23.855437600053847,None,23.855437600053847,None,24.880222199950367,None,24.880222199950367,None,24.880222199950367,None,25.02340009994805,25.154722500010394,25.02340009994805,25.154722500010394,25.02340009994805,25.154722500010394,space,0.9679261998971924,25.02340009994805,None,26.02347480005119,None,,001,2020_Apr_01_2011,experiment,2020.1.3,59.8786977167139,
images/light_grey_box_with_cue,images/light_grey_box,images/light_grey_box,images/light_grey_box,images/light_grey_box_with_target,images/light_grey_box,0,0,0.15,0,5,5,1,,,,,,,,,,,,,26.5373649999965,None,26.5373649999965,None,26.5373649999965,None,27.56057850003708,None,27.56057850003708,None,27.56057850003708,None,27.710675699985586,27.854280299972743,27.710675699985586,27.854280299972743,27.710675699985586,27.854280299972743,space,0.19398720003664494,27.710675699985586,None,27.923675299971364,None,,001,2020_Apr_01_2011,experiment,2020.1.3,59.8786977167139,
images/light_grey_box,images/light_grey_box,images/light_grey_box_with_cue,images/light_grey_box,images/light_grey_box_with_target,images/light_grey_box,0,0,0.15,0,6,6,13,,,,,,,,,,,,,28.437931700027548,None,28.437931700027548,None,28.437931700027548,None,29.457892899983563,None,29.457892899983563,None,29.457892899983563,None,29.608789599966258,29.738141100038774,29.608789599966258,29.738141100038774,29.608789599966258,29.738141100038774,space,2.6445208999793977,29.608789599966258,None,32.2727242000401,None,,001,2020_Apr_01_2011,experiment,2020.1.3,59.8786977167139,
images/light_grey_box_with_cue,images/light_grey_box,images/light_grey_box,images/light_grey_box_with_target,images/light_grey_box,images/light_grey_box,0,0,0.15,0,7,7,6,,,,,,,,,,,,,32.78701740002725,None,32.78701740002725,None,32.78701740002725,None,33.80814259999897,None,33.80814259999897,None,33.80814259999897,None,33.95763660001103,34.10318139998708,33.95763660001103,34.10318139998708,33.95763660001103,34.10318139998708,space,4.847420800011605,33.95763660001103,None,38.838199399993755,None,,001,2020_Apr_01_2011,experiment,2020.1.3,59.8786977167139,
images/light_grey_box,images/light_grey_box,images/light_grey_box_with_cue,images/light_grey_box,images/light_grey_box_with_target,images/light_grey_box,0,0,0.15,0,8,8,14,,,,,,,,,,,,,39.35255700000562,None,39.35255700000562,None,39.35255700000562,None,40.37413500004914,None,40.37413500004914,None,40.37413500004914,None,40.52424900000915,40.66848009999376,40.52424900000915,40.66848009999376,40.52424900000915,40.66848009999376,space,0.1818587000016123,40.52424900000915,None,40.737609899952076,None,,001,2020_Apr_01_2011,experiment,2020.1.3,59.8786977167139,
images/light_grey_box_with_cue,images/light_grey_box,images/light_grey_box,images/light_grey_box,images/light_grey_box_with_target,images/light_grey_box,0,0,0.15,0,9,9,5,,,,,,,,,,,,,41.25193120003678,None,41.25193120003678,None,41.25193120003678,None,42.271366599947214,None,42.271366599947214,None,42.271366599947214,None,42.421719899983145,42.55117029999383,42.421719899983145,42.55117029999383,42.421719899983145,42.55117029999383,space,0.20365649997256696,42.421719899983145,None,42.65379759995267,None,,001,2020_Apr_01_2011,experiment,2020.1.3,59.8786977167139,
images/light_grey_box,images/light_grey_box,images/light_grey_box_with_cue,images/light_grey_box,images/light_grey_box,images/light_grey_box,0,0,0.15,0,10,10,18,,,,,,,,,,,,,43.16865969996434,None,43.16865969996434,None,43.16865969996434,None,44.19368330005091,None,44.19368330005091,None,44.19368330005091,None,44.3356216000393,44.46721609996166,44.3356216000393,44.46721609996166,44.3356216000393,44.46721609996166,space,0.27082039997912943,44.3356216000393,None,44.63642610004172,None,,001,2020_Apr_01_2011,experiment,2020.1.3,59.8786977167139,
images/light_grey_box_with_cue,images/light_grey_box,images/light_grey_box,images/light_grey_box,images/light_grey_box_with_target,images/light_grey_box,0,0,0.15,0,11,11,2,,,,,,,,,,,,,45.150686000008136,None,45.150686000008136,None,45.150686000008136,None,46.16884940001182,None,46.16884940001182,None,46.16884940001182,None,46.322079699952155,46.46751840005163,46.322079699952155,46.46751840005163,46.322079699952155,46.46751840005163,space,3.4439701000228524,46.322079699952155,None,49.785743099986576,None,,001,2020_Apr_01_2011,experiment,2020.1.3,59.8786977167139,
images/light_grey_box_with_cue,images/light_grey_box,images/light_grey_box,images/light_grey_box,images/light_grey_box_with_target,images/light_grey_box,0,0,0.15,0,12,12,0,,,,,,,,,,,,,50.30076849996112,None,50.30076849996112,None,50.30076849996112,None,51.3234246999491,None,51.3234246999491,None,51.3234246999491,None,51.474478199961595,51.6161037000129,51.474478199961595,51.6161037000129,51.474478199961595,51.6161037000129,space,0.5323036999907345,51.474478199961595,None,52.035777700017206,None,,001,2020_Apr_01_2011,experiment,2020.1.3,59.8786977167139,
images/light_grey_box,images/light_grey_box,images/light_grey_box_with_cue,images/light_grey_box_with_target,images/light_grey_box,images/light_grey_box,0,0,0.15,0,13,13,16,,,,,,,,,,,,,52.549713199958205,None,52.549713199958205,None,52.549713199958205,None,53.57213089999277,None,53.57213089999277,None,53.57213089999277,None,53.72341910004616,53.86611910001375,53.72341910004616,53.86611910001375,53.72341910004616,53.86611910001375,space,0.8799270000308752,53.72341910004616,None,54.63438189995941,None,,001,2020_Apr_01_2011,experiment,2020.1.3,59.8786977167139,
images/light_grey_box,images/light_grey_box,images/light_grey_box_with_cue,images/light_grey_box,images/light_grey_box,images/light_grey_box,0,0,0.15,0,14,14,19,,,,,,,,,,,,,55.14857900002971,None,55.14857900002971,None,55.14857900002971,None,56.17069930001162,None,56.17069930001162,None,56.17069930001162,None,56.31618389999494,56.4483206999721,56.31618389999494,56.4483206999721,56.31618389999494,56.4483206999721,space,2.6511073000729084,56.31618389999494,None,59.00023170001805,None,,001,2020_Apr_01_2011,experiment,2020.1.3,59.8786977167139,
images/light_grey_box_with_cue,images/light_grey_box,images/light_grey_box,images/light_grey_box,images/light_grey_box,images/light_grey_box_with_target,0,0,0.15,0,15,15,7,,,,,,,,,,,,,59.51489170000423,None,59.51489170000423,None,59.51489170000423,None,60.53471120004542,None,60.53471120004542,None,60.53471120004542,None,60.68628749996424,60.831084299949,60.68628749996424,60.831084299949,60.68628749996424,60.831084299949,space,0.39061210001818836,60.68628749996424,None,61.100985200027935,None,,001,2020_Apr_01_2011,experiment,2020.1.3,59.8786977167139,
