﻿image_cue_1,image_cue_2,image_cue_3,image_target_1,image_target_2,image_target_3,targetStart,startTime,endTime,trials.thisRepN,trials.thisTrialN,trials.thisN,trials.thisIndex,textWelcome.started,textWelcome.stopped,keyWelcome.keys,keyWelcome.rt,keyWelcome.started,keyWelcome.stopped,textStart.started,textStart.stopped,keyStart.keys,keyStart.rt,keyStart.started,keyStart.stopped,imageTrailBefore_1.started,imageTrailBefore_1.stopped,imageTrialBefore_2.started,imageTrialBefore_2.stopped,imageTrialBefore_3.started,imageTrialBefore_3.stopped,imageTrialCue_1.started,imageTrialCue_1.stopped,imageTrialCue_2.started,imageTrialCue_2.stopped,imageTrialCue_3.started,imageTrialCue_3.stopped,imageTrialTarget_1.started,imageTrialTarget_1.stopped,imageTrialTarget_2.started,imageTrialTarget_2.stopped,imageTrialTarget_3.started,imageTrialTarget_3.stopped,keyResponse.keys,keyResponse.rt,keyResponse.started,keyResponse.stopped,textBlank500.started,textBlank500.stopped,participant,session,date,expName,psychopyVersion,frameRate,
,,,,,,,,,,,,,9.513849799986929,None,space,0.8438466000370681,9.513849799986929,None,,,,,,,,,,,,,,,,,,,,,,,,,,,,,,,,001,2020_Apr_01_2033,experiment,2020.1.3,59.8127978862779,
,,,,,,,,,,,,,,,,,,,10.390068300068378,None,space,0.9905943999765441,10.390068300068378,None,,,,,,,,,,,,,,,,,,,,,,,,,,001,2020_Apr_01_2033,experiment,2020.1.3,59.8127978862779,
images/light_grey_box,images/light_grey_box,images/light_grey_box_with_cue,images/light_grey_box,images/light_grey_box_with_target,images/light_grey_box,0,0.0,0.15,0,0,0,14,,,,,,,,,,,,,11.474074500030838,None,11.474074500030838,None,11.474074500030838,None,12.455435100011528,None,12.455435100011528,None,12.455435100011528,None,12.601951000047848,12.737743800040334,12.601951000047848,12.737743800040334,12.601951000047848,12.737743800040334,space,0.5737594000529498,12.601951000047848,None,13.20593930000905,None,,001,2020_Apr_01_2033,experiment,2020.1.3,59.8127978862779,
images/light_grey_box,images/light_grey_box,images/light_grey_box,images/light_grey_box,images/light_grey_box_with_target,images/light_grey_box,0,0.5,0.65,0,1,1,36,,,,,,,,,,,,,13.721031500026584,None,13.721031500026584,None,13.721031500026584,None,14.735028200084344,None,14.735028200084344,None,14.735028200084344,None,15.370737800025381,15.521732700057328,15.370737800025381,15.521732700057328,15.370737800025381,15.521732700057328,space,2.379890099982731,15.370737800025381,None,17.77179510006681,None,,001,2020_Apr_01_2033,experiment,2020.1.3,59.8127978862779,
images/light_grey_box_with_cue,images/light_grey_box,images/light_grey_box,images/light_grey_box,images/light_grey_box_with_target,images/light_grey_box,0,0.5,0.65,0,2,2,22,,,,,,,,,,,,,18.286849400028586,None,18.286849400028586,None,18.286849400028586,None,19.3027957000304,None,19.3027957000304,None,19.3027957000304,None,19.936740400036797,20.08649720007088,19.936740400036797,20.08649720007088,19.936740400036797,20.08649720007088,space,2.756156700081192,19.936740400036797,None,22.71958989999257,None,,001,2020_Apr_01_2033,experiment,2020.1.3,59.8127978862779,
images/light_grey_box,images/light_grey_box,images/light_grey_box,images/light_grey_box,images/light_grey_box_with_target,images/light_grey_box,0,0.5,0.65,0,3,3,33,,,,,,,,,,,,,23.219744900008664,None,23.219744900008664,None,23.219744900008664,None,24.23346710007172,None,24.23346710007172,None,24.23346710007172,None,24.88533630000893,25.035843400051817,24.88533630000893,25.035843400051817,24.88533630000893,25.035843400051817,space,1.549017300014384,24.88533630000893,None,26.45584230008535,None,,001,2020_Apr_01_2033,experiment,2020.1.3,59.8127978862779,
images/light_grey_box_with_cue,images/light_grey_box,images/light_grey_box,images/light_grey_box,images/light_grey_box_with_target,images/light_grey_box,0,0.0,0.15,0,4,4,5,,,,,,,,,,,,,26.97055480000563,None,26.97055480000563,None,26.97055480000563,None,27.999428300070576,None,27.999428300070576,None,27.999428300070576,None,28.1494604999898,28.284376200055704,28.1494604999898,28.284376200055704,28.1494604999898,28.284376200055704,space,0.48123839998152107,28.1494604999898,None,28.655809900024906,None,,001,2020_Apr_01_2033,experiment,2020.1.3,59.8127978862779,
images/light_grey_box,images/light_grey_box,images/light_grey_box_with_cue,images/light_grey_box,images/light_grey_box_with_target,images/light_grey_box,0,0.5,0.65,0,5,5,31,,,,,,,,,,,,,29.169926800066605,None,29.169926800066605,None,29.169926800066605,None,30.183162900037132,None,30.183162900037132,None,30.183162900037132,None,30.817461000056937,30.969273200025782,30.817461000056937,30.969273200025782,30.817461000056937,30.969273200025782,space,1.8154225000180304,30.817461000056937,None,32.655103700002655,None,,001,2020_Apr_01_2033,experiment,2020.1.3,59.8127978862779,
images/light_grey_box_with_cue,images/light_grey_box,images/light_grey_box,images/light_grey_box,images/light_grey_box_with_target,images/light_grey_box,0,0.5,0.65,0,6,6,23,,,,,,,,,,,,,33.16916370007675,None,33.16916370007675,None,33.16916370007675,None,34.181226600077935,None,34.181226600077935,None,34.181226600077935,None,34.818575000041164,34.9523240000708,34.818575000041164,34.9523240000708,34.818575000041164,34.9523240000708,escape,2.5685784000670537,34.818575000041164,None,37.41943800006993,None,,001,2020_Apr_01_2033,experiment,2020.1.3,59.8127978862779,
images/light_grey_box_with_cue,images/light_grey_box,images/light_grey_box,images/light_grey_box,images/light_grey_box_with_target,images/light_grey_box,0,0.5,0.65,0,7,7,24,,,,,,,,,,,,,37.934923400054686,None,37.934923400054686,None,37.934923400054686,None,38.94893720000982,None,38.94893720000982,None,38.94893720000982,None,39.582874400075525,39.732228200067766,39.582874400075525,39.732228200067766,39.582874400075525,39.732228200067766,escape,0.47891799989156425,39.582874400075525,None,40.083360900054686,None,,001,2020_Apr_01_2033,experiment,2020.1.3,59.8127978862779,
,,,,,,,,,,,,,,,,,,,,,,,,,40.582178900018334,None,40.582178900018334,None,40.582178900018334,None,41.59691429999657,None,41.59691429999657,None,41.59691429999657,None,,,,,,,,,,,,,,,,,,,
