﻿image_cue_1,image_cue_2,image_cue_3,image_target_1,image_target_2,image_target_3,targetStart,startTime,endTime,trials.thisRepN,trials.thisTrialN,trials.thisN,trials.thisIndex,textWelcome.started,textWelcome.stopped,keyWelcome.keys,keyWelcome.rt,keyWelcome.started,keyWelcome.stopped,textStart.started,textStart.stopped,keyStart.keys,keyStart.rt,keyStart.started,keyStart.stopped,imageTrailBefore_1.started,imageTrailBefore_1.stopped,imageTrialBefore_2.started,imageTrialBefore_2.stopped,imageTrialBefore_3.started,imageTrialBefore_3.stopped,imageTrialCue_1.started,imageTrialCue_1.stopped,imageTrialCue_2.started,imageTrialCue_2.stopped,imageTrialCue_3.started,imageTrialCue_3.stopped,imageTrialTarget_1.started,imageTrialTarget_1.stopped,imageTrialTarget_2.started,imageTrialTarget_2.stopped,imageTrialTarget_3.started,imageTrialTarget_3.stopped,keyResponse.keys,keyResponse.rt,keyResponse.started,keyResponse.stopped,textBlank500.started,textBlank500.stopped,participant,session,date,expName,psychopyVersion,frameRate,
,,,,,,,,,,,,,39.256414599949494,None,space,1.1170377000235021,39.256414599949494,None,,,,,,,,,,,,,,,,,,,,,,,,,,,,,,,,001,2020_Apr_01_2049,experiment,2020.1.3,60.00319218016016,
,,,,,,,,,,,,,,,,,,,40.4880250999704,None,space,0.3111622000578791,40.4880250999704,None,,,,,,,,,,,,,,,,,,,,,,,,,,001,2020_Apr_01_2049,experiment,2020.1.3,60.00319218016016,
images/light_grey_box,images/light_grey_box,images/light_grey_box_with_cue,images/light_grey_box,images/light_grey_box_with_target,images/light_grey_box,0,0,0.15,0,0,0,15,,,,,,,,,,,,,41.21524719998706,None,41.21524719998706,None,41.21524719998706,None,41.92088529991452,None,41.92088529991452,None,41.92088529991452,None,42.029775799950585,42.166176899918355,42.029775799950585,42.166176899918355,42.029775799950585,42.166176899918355,space,3.2735977999400347,42.029775799950585,None,45.33175739995204,None,,001,2020_Apr_01_2049,experiment,2020.1.3,60.00319218016016,
images/light_grey_box_with_cue,images/light_grey_box,images/light_grey_box,images/light_grey_box,images/light_grey_box_with_target,images/light_grey_box,0,1,1.25,0,1,1,24,,,,,,,,,,,,,45.84659450000618,None,45.84659450000618,None,45.84659450000618,None,46.85466169996653,None,46.85466169996653,None,46.85466169996653,None,48.00119260000065,48.24621159990784,48.00119260000065,48.24621159990784,48.00119260000065,48.24621159990784,space,2.7153862999984995,48.00119260000065,None,50.74608279997483,None,,001,2020_Apr_01_2049,experiment,2020.1.3,60.00319218016016,
images/light_grey_box,images/light_grey_box,images/light_grey_box_with_cue,images/light_grey_box,images/light_grey_box_with_target,images/light_grey_box,0,1,1.25,0,2,2,32,,,,,,,,,,,,,51.245391899952665,None,51.245391899952665,None,51.245391899952665,None,52.25581040000543,None,52.25581040000543,None,52.25581040000543,None,53.42891219991725,None,53.42891219991725,None,53.42891219991725,None,space,0.05054179998114705,53.42891219991725,None,53.497152099967934,None,,001,2020_Apr_01_2049,experiment,2020.1.3,60.00319218016016,
images/light_grey_box_with_cue,images/light_grey_box,images/light_grey_box,images/light_grey_box_with_target,images/light_grey_box,images/light_grey_box,0,1,1.25,0,3,3,26,,,,,,,,,,,,,54.01108069997281,None,54.01108069997281,None,54.01108069997281,None,55.021297300001606,None,55.021297300001606,None,55.021297300001606,None,56.1612539999187,56.4111988999648,56.1612539999187,56.4111988999648,56.1612539999187,56.4111988999648,space,2.1742129999911413,56.1612539999187,None,58.36267969990149,None,,001,2020_Apr_01_2049,experiment,2020.1.3,60.00319218016016,
images/light_grey_box_with_cue,images/light_grey_box,images/light_grey_box,images/light_grey_box,images/light_grey_box_with_target,images/light_grey_box,0,1,1.25,0,4,4,21,,,,,,,,,,,,,58.87699659995269,None,58.87699659995269,None,58.87699659995269,None,59.89660410000943,None,59.89660410000943,None,59.89660410000943,None,61.02658279996831,61.2764668999007,61.02658279996831,61.2764668999007,61.02658279996831,61.2764668999007,space,7.122406099922955,61.02658279996831,None,68.17581709998194,None,,001,2020_Apr_01_2049,experiment,2020.1.3,60.00319218016016,
images/light_grey_box_with_cue,images/light_grey_box,images/light_grey_box,images/light_grey_box,images/light_grey_box,images/light_grey_box,0,1,1.25,0,5,5,29,,,,,,,,,,,,,68.6917717999313,None,68.6917717999313,None,68.6917717999313,None,69.70007289992645,None,69.70007289992645,None,69.70007289992645,None,70.840933999978,71.09087969991378,70.840933999978,71.09087969991378,70.840933999978,71.09087969991378,space,2.017898700083606,70.840933999978,None,72.87536619999446,None,,001,2020_Apr_01_2049,experiment,2020.1.3,60.00319218016016,
images/light_grey_box,images/light_grey_box,images/light_grey_box_with_cue,images/light_grey_box,images/light_grey_box_with_target,images/light_grey_box,0,1,1.25,0,6,6,31,,,,,,,,,,,,,73.39042079995852,None,73.39042079995852,None,73.39042079995852,None,74.39814889989793,None,74.39814889989793,None,74.39814889989793,None,75.55729709996376,75.8076806999743,75.55729709996376,75.8076806999743,75.55729709996376,75.8076806999743,space,0.759683599928394,75.55729709996376,None,76.34066329989582,None,,001,2020_Apr_01_2049,experiment,2020.1.3,60.00319218016016,
images/light_grey_box_with_cue,images/light_grey_box,images/light_grey_box,images/light_grey_box,images/light_grey_box,images/light_grey_box,0,1,1.25,0,7,7,28,,,,,,,,,,,,,76.84040039998945,None,76.84040039998945,None,76.84040039998945,None,77.85483490000479,None,77.85483490000479,None,77.85483490000479,None,79.00606899999548,79.25600179994944,79.00606899999548,79.25600179994944,79.00606899999548,79.25600179994944,space,11.953516200068407,79.00606899999548,None,90.98918219993357,None,,001,2020_Apr_01_2049,experiment,2020.1.3,60.00319218016016,
images/light_grey_box,images/light_grey_box,images/light_grey_box_with_cue,images/light_grey_box,images/light_grey_box,images/light_grey_box_with_target,0,1,1.25,0,8,8,37,,,,,,,,,,,,,91.50460389989894,None,91.50460389989894,None,91.50460389989894,None,92.5168590999674,None,92.5168590999674,None,92.5168590999674,None,93.67169509991072,93.92325959994923,93.67169509991072,93.92325959994923,93.67169509991072,93.92325959994923,escape,2.1682174999732524,93.67169509991072,None,95.87143709999509,None,,001,2020_Apr_01_2049,experiment,2020.1.3,60.00319218016016,
images/light_grey_box,images/light_grey_box,images/light_grey_box_with_cue,images/light_grey_box,images/light_grey_box_with_target,images/light_grey_box,0,0,0.15,0,9,9,14,,,,,,,,,,,,,96.38668759993743,None,96.38668759993743,None,96.38668759993743,None,97.39331610000227,None,97.39331610000227,None,97.39331610000227,None,97.5458299999591,97.6880427999422,97.5458299999591,97.6880427999422,97.5458299999591,97.6880427999422,escape,2.532552299904637,97.5458299999591,None,100.10349109990057,None,,001,2020_Apr_01_2049,experiment,2020.1.3,60.00319218016016,
