﻿image_cue_1,image_cue_2,image_cue_3,image_target_1,image_target_2,image_target_3,targetStart,startTime,endTime,trials.thisRepN,trials.thisTrialN,trials.thisN,trials.thisIndex,textWelcome.started,textWelcome.stopped,keyWelcome.keys,keyWelcome.rt,keyWelcome.started,keyWelcome.stopped,textStart.started,textStart.stopped,keyStart.keys,keyStart.rt,keyStart.started,keyStart.stopped,imageTrailBefore_1.started,imageTrailBefore_1.stopped,imageTrialBefore_2.started,imageTrialBefore_2.stopped,imageTrialBefore_3.started,imageTrialBefore_3.stopped,imageTrialCue_1.started,imageTrialCue_1.stopped,imageTrialCue_2.started,imageTrialCue_2.stopped,imageTrialCue_3.started,imageTrialCue_3.stopped,TrialSceenTargetStart,TrialSceenTargetEnd,imageTrialTarget_1.started,imageTrialTarget_1.stopped,imageTrialTarget_2.started,imageTrialTarget_2.stopped,imageTrialTarget_3.started,imageTrialTarget_3.stopped,keyResponse.keys,keyResponse.rt,keyResponse.started,keyResponse.stopped,textBlank500.started,textBlank500.stopped,participant,session,date,expName,psychopyVersion,frameRate,
,,,,,,,,,,,,,10.610724700032733,None,space,0.6076899999752641,10.610724700032733,None,,,,,,,,,,,,,,,,,,,,,,,,,,,,,,,,,,001,2020_Apr_01_2125,experiment,2020.1.3,59.978575643258026,
,,,,,,,,,,,,,,,,,,,11.250598200014792,None,space,0.5224491999251768,11.250598200014792,None,,,,,,,,,,,,,,,,,,,,,,,,,,,,001,2020_Apr_01_2125,experiment,2020.1.3,59.978575643258026,
images/light_grey_box,images/light_grey_box,images/light_grey_box_with_cue,images/light_grey_box,images/light_grey_box_with_target,images/light_grey_box,0,0,0.15,0,0,0,12,,,,,,,,,,,,,11.884502000059001,None,11.884502000059001,None,11.884502000059001,None,12.84457369998563,None,12.84457369998563,None,12.84457369998563,None,0.2,0.35,13.03184319997672,13.165088400011882,13.03184319997672,13.165088400011882,13.03184319997672,13.165088400011882,space,0.9972129999659956,13.03184319997672,None,14.050537700066343,None,,001,2020_Apr_01_2125,experiment,2020.1.3,59.978575643258026,
images/light_grey_box_with_cue,images/light_grey_box,images/light_grey_box,images/light_grey_box_with_target,images/light_grey_box,images/light_grey_box,0,0,0.15,0,1,1,6,,,,,,,,,,,,,14.564982400042936,None,14.564982400042936,None,14.564982400042936,None,15.59534960007295,None,15.59534960007295,None,15.59534960007295,None,0.05,0.2,15.762548600090668,15.880561700090766,15.762548600090668,15.880561700090766,15.762548600090668,15.880561700090766,space,0.6918937000446022,15.762548600090668,None,16.48214310000185,None,,001,2020_Apr_01_2125,experiment,2020.1.3,59.978575643258026,
images/light_grey_box_with_cue,images/light_grey_box,images/light_grey_box,images/light_grey_box,images/light_grey_box_with_target,images/light_grey_box,0,1,1.25,0,2,2,25,,,,,,,,,,,,,16.997034200001508,None,16.997034200001508,None,16.997034200001508,None,18.023348600021563,None,18.023348600021563,None,18.023348600021563,None,0.0,0.15,18.230416500009596,18.34765090001747,18.230416500009596,18.34765090001747,18.230416500009596,18.34765090001747,space,0.400184000027366,18.230416500009596,None,18.648420799989253,None,,001,2020_Apr_01_2125,experiment,2020.1.3,59.978575643258026,
images/light_grey_box,images/light_grey_box,images/light_grey_box,images/light_grey_box,images/light_grey_box_with_target,images/light_grey_box,0,1,1.25,0,3,3,35,,,,,,,,,,,,,19.163623700034805,None,19.163623700034805,None,19.163623700034805,None,20.191973700071685,None,20.191973700071685,None,20.191973700071685,None,0.3,0.44999999999999996,20.39656380005181,20.530722100054845,20.39656380005181,20.530722100054845,20.39656380005181,20.530722100054845,space,0.457575999898836,20.39656380005181,None,20.88084570004139,None,,001,2020_Apr_01_2125,experiment,2020.1.3,59.978575643258026,
images/light_grey_box_with_cue,images/light_grey_box,images/light_grey_box,images/light_grey_box,images/light_grey_box,images/light_grey_box,0,0,0.15,0,4,4,8,,,,,,,,,,,,,21.381316400016658,None,21.381316400016658,None,21.381316400016658,None,22.422958399984054,None,22.422958399984054,None,22.422958399984054,None,0.2,0.35,22.611120900022797,22.778938799980097,22.611120900022797,22.778938799980097,22.611120900022797,22.778938799980097,space,0.7892967999214306,22.611120900022797,None,23.43250940006692,None,,001,2020_Apr_01_2125,experiment,2020.1.3,59.978575643258026,
images/light_grey_box_with_cue,images/light_grey_box,images/light_grey_box,images/light_grey_box,images/light_grey_box_with_target,images/light_grey_box,0,0,0.15,0,5,5,4,,,,,,,,,,,,,23.944355600047857,None,23.944355600047857,None,23.944355600047857,None,24.972914900048636,None,24.972914900048636,None,24.972914900048636,None,0.1,0.25,25.14270970004145,25.26261970004998,25.14270970004145,25.26261970004998,25.14270970004145,25.26261970004998,space,0.2834191999863833,25.14270970004145,None,25.448592100059614,None,,001,2020_Apr_01_2125,experiment,2020.1.3,59.978575643258026,
images/light_grey_box_with_cue,images/light_grey_box,images/light_grey_box,images/light_grey_box,images/light_grey_box,images/light_grey_box_with_target,0,0,0.15,0,6,6,7,,,,,,,,,,,,,25.962343299994245,None,25.962343299994245,None,25.962343299994245,None,26.9890308000613,None,26.9890308000613,None,26.9890308000613,None,0.1,0.25,27.228402400040068,27.37898869998753,27.228402400040068,27.37898869998753,27.228402400040068,27.37898869998753,space,0.19123849994502962,27.228402400040068,None,27.447760200011544,None,,001,2020_Apr_01_2125,experiment,2020.1.3,59.978575643258026,
images/light_grey_box,images/light_grey_box,images/light_grey_box_with_cue,images/light_grey_box,images/light_grey_box_with_target,images/light_grey_box,0,0,0.15,0,7,7,10,,,,,,,,,,,,,27.963240300072357,None,27.963240300072357,None,27.963240300072357,None,28.9923676000908,None,28.9923676000908,None,28.9923676000908,None,0.1,0.25,29.141169600072317,29.312172700068913,29.141169600072317,29.312172700068913,29.141169600072317,29.312172700068913,space,0.24817529995925725,29.141169600072317,None,29.414459599996917,None,,001,2020_Apr_01_2125,experiment,2020.1.3,59.978575643258026,
images/light_grey_box,images/light_grey_box,images/light_grey_box_with_cue,images/light_grey_box,images/light_grey_box_with_target,images/light_grey_box,0,0,0.15,0,8,8,13,,,,,,,,,,,,,29.927723800064996,None,29.927723800064996,None,29.927723800064996,None,30.944659000029787,None,30.944659000029787,None,30.944659000029787,None,0.0,0.15,31.143245700048283,31.294413800002076,31.143245700048283,31.294413800002076,31.143245700048283,31.294413800002076,space,0.47137319995090365,31.143245700048283,None,31.6470484000165,None,,001,2020_Apr_01_2125,experiment,2020.1.3,59.978575643258026,
images/light_grey_box_with_cue,images/light_grey_box,images/light_grey_box,images/light_grey_box,images/light_grey_box,images/light_grey_box,0,1,1.25,0,9,9,28,,,,,,,,,,,,,32.16172730003018,None,32.16172730003018,None,32.16172730003018,None,33.17999440000858,None,33.17999440000858,None,33.17999440000858,None,0.05,0.2,33.37894409999717,33.47773320006672,33.37894409999717,33.47773320006672,33.37894409999717,33.47773320006672,space,0.6013606999767944,33.37894409999717,None,34.01245190005284,None,,001,2020_Apr_01_2125,experiment,2020.1.3,59.978575643258026,
images/light_grey_box_with_cue,images/light_grey_box,images/light_grey_box,images/light_grey_box,images/light_grey_box,images/light_grey_box,0,0,0.15,0,10,10,9,,,,,,,,,,,,,34.52671560004819,None,34.52671560004819,None,34.52671560004819,None,35.557874600053765,None,35.557874600053765,None,35.557874600053765,None,0.1,0.25,35.80993660003878,35.96127460000571,35.80993660003878,35.96127460000571,35.80993660003878,35.96127460000571,space,0.22343839996028692,35.80993660003878,None,36.06021290004719,None,,001,2020_Apr_01_2125,experiment,2020.1.3,59.978575643258026,
images/light_grey_box,images/light_grey_box,images/light_grey_box_with_cue,images/light_grey_box,images/light_grey_box_with_target,images/light_grey_box,0,0,0.15,0,11,11,11,,,,,,,,,,,,,36.56187730003148,None,36.56187730003148,None,36.56187730003148,None,37.60376129997894,None,37.60376129997894,None,37.60376129997894,None,0.0,0.15,37.827684100018814,37.95979150000494,37.827684100018814,37.95979150000494,37.827684100018814,37.95979150000494,space,3.357456599944271,37.827684100018814,None,41.21182100009173,None,,001,2020_Apr_01_2125,experiment,2020.1.3,59.978575643258026,
images/light_grey_box_with_cue,images/light_grey_box,images/light_grey_box,images/light_grey_box,images/light_grey_box_with_target,images/light_grey_box,0,1,1.25,0,12,12,21,,,,,,,,,,,,,41.7250601000851,None,41.7250601000851,None,41.7250601000851,None,42.757124299998395,None,42.757124299998395,None,42.757124299998395,None,0.0,0.15,43.008362900000066,43.09162630001083,43.008362900000066,43.09162630001083,43.008362900000066,43.09162630001083,space,0.8813199999276549,43.008362900000066,None,43.91181810002308,None,,001,2020_Apr_01_2125,experiment,2020.1.3,59.978575643258026,
images/light_grey_box,images/light_grey_box,images/light_grey_box_with_cue,images/light_grey_box,images/light_grey_box_with_target,images/light_grey_box,0,1,1.25,0,13,13,31,,,,,,,,,,,,,44.425468700006604,None,44.425468700006604,None,44.425468700006604,None,45.4557035000762,None,45.4557035000762,None,45.4557035000762,None,0.0,0.15,45.70913660002407,45.74206520000007,45.70913660002407,45.74206520000007,45.70913660002407,45.74206520000007,space,0.4603730000089854,45.70913660002407,None,46.194160300074145,None,,001,2020_Apr_01_2125,experiment,2020.1.3,59.978575643258026,
images/light_grey_box_with_cue,images/light_grey_box,images/light_grey_box,images/light_grey_box,images/light_grey_box_with_target,images/light_grey_box,0,0,0.15,0,14,14,3,,,,,,,,,,,,,46.70708259998355,None,46.70708259998355,None,46.70708259998355,None,47.740264100022614,None,47.740264100022614,None,47.740264100022614,None,0.2,0.35,47.92324490007013,48.0065326000331,47.92324490007013,48.0065326000331,47.92324490007013,48.0065326000331,space,1.9331697999732569,47.92324490007013,None,49.875034900032915,None,,001,2020_Apr_01_2125,experiment,2020.1.3,59.978575643258026,
images/light_grey_box,images/light_grey_box,images/light_grey_box_with_cue,images/light_grey_box,images/light_grey_box_with_target,images/light_grey_box,0,0,0.15,0,15,15,14,,,,,,,,,,,,,50.39124290004838,None,50.39124290004838,None,50.39124290004838,None,51.41494739998598,None,51.41494739998598,None,51.41494739998598,None,0.0,0.15,51.5870525999926,51.77398040005937,51.5870525999926,51.77398040005937,51.5870525999926,51.77398040005937,space,0.3643367999466136,51.5870525999926,None,51.97303390002344,None,,001,2020_Apr_01_2125,experiment,2020.1.3,59.978575643258026,
images/light_grey_box,images/light_grey_box,images/light_grey_box_with_cue,images/light_grey_box,images/light_grey_box,images/light_grey_box,0,1,1.25,0,16,16,39,,,,,,,,,,,,,52.47594490007032,None,52.47594490007032,None,52.47594490007032,None,53.524972800049,None,53.524972800049,None,53.524972800049,None,0.2,0.35,53.723210200085305,53.823629199992865,53.723210200085305,53.823629199992865,53.723210200085305,53.823629199992865,space,1.0447466999758035,53.723210200085305,None,54.7915084999986,None,,001,2020_Apr_01_2125,experiment,2020.1.3,59.978575643258026,
images/light_grey_box,images/light_grey_box,images/light_grey_box_with_cue,images/light_grey_box,images/light_grey_box_with_target,images/light_grey_box,0,0,0.15,0,17,17,15,,,,,,,,,,,,,55.30685579997953,None,55.30685579997953,None,55.30685579997953,None,56.318119600065984,None,56.318119600065984,None,56.318119600065984,None,0.5,0.65,56.480812399997376,56.77405200002249,56.480812399997376,56.77405200002249,56.480812399997376,56.77405200002249,space,1.1659603000152856,56.480812399997376,None,57.674420900060795,None,,001,2020_Apr_01_2125,experiment,2020.1.3,59.978575643258026,
images/light_grey_box_with_cue,images/light_grey_box,images/light_grey_box,images/light_grey_box,images/light_grey_box_with_target,images/light_grey_box,0,0,0.15,0,18,18,2,,,,,,,,,,,,,58.18999900005292,None,58.18999900005292,None,58.18999900005292,None,59.22457379999105,None,59.22457379999105,None,59.22457379999105,None,0.2,0.35,59.40480200003367,59.62072860007174,59.40480200003367,59.62072860007174,59.40480200003367,59.62072860007174,space,1.064958899980411,59.40480200003367,None,60.49104150000494,None,,001,2020_Apr_01_2125,experiment,2020.1.3,59.978575643258026,
images/light_grey_box_with_cue,images/light_grey_box,images/light_grey_box,images/light_grey_box,images/light_grey_box_with_target,images/light_grey_box,0,0,0.15,0,19,19,5,,,,,,,,,,,,,61.00574510009028,None,61.00574510009028,None,61.00574510009028,None,62.024498800048605,None,62.024498800048605,None,62.024498800048605,None,0.2,0.35,62.23775440000463,62.33961410005577,62.23775440000463,62.33961410005577,62.23775440000463,62.33961410005577,space,0.9406730000628158,62.23775440000463,None,63.20413440000266,None,,001,2020_Apr_01_2125,experiment,2020.1.3,59.978575643258026,
images/light_grey_box_with_cue,images/light_grey_box,images/light_grey_box,images/light_grey_box,images/light_grey_box_with_target,images/light_grey_box,0,1,1.25,0,20,20,23,,,,,,,,,,,,,63.705722699989565,None,63.705722699989565,None,63.705722699989565,None,64.75284640002064,None,64.75284640002064,None,64.75284640002064,None,0.5,0.65,65.02139050001279,65.0548588000238,65.02139050001279,65.0548588000238,65.02139050001279,65.0548588000238,space,0.574388699955307,65.02139050001279,None,65.62357100006193,None,,001,2020_Apr_01_2125,experiment,2020.1.3,59.978575643258026,
images/light_grey_box_with_cue,images/light_grey_box,images/light_grey_box,images/light_grey_box,images/light_grey_box_with_target,images/light_grey_box,0,1,1.25,0,21,21,22,,,,,,,,,,,,,66.13776180008426,None,66.13776180008426,None,66.13776180008426,None,67.16207090008538,None,67.16207090008538,None,67.16207090008538,None,0.5,0.65,67.37017110001761,67.50270459998865,67.37017110001761,67.50270459998865,67.37017110001761,67.50270459998865,space,0.47341830004006624,67.37017110001761,None,67.87293210008647,None,,001,2020_Apr_01_2125,experiment,2020.1.3,59.978575643258026,
images/light_grey_box,images/light_grey_box,images/light_grey_box_with_cue,images/light_grey_box,images/light_grey_box,images/light_grey_box_with_target,0,1,1.25,0,22,22,37,,,,,,,,,,,,,68.38638310006354,None,68.38638310006354,None,68.38638310006354,None,69.41370670008473,None,69.41370670008473,None,69.41370670008473,None,0.05,0.2,69.66858900000807,69.90379150002263,69.66858900000807,69.90379150002263,69.66858900000807,69.90379150002263,space,0.5383124999934807,69.66858900000807,None,70.23844099999405,None,,001,2020_Apr_01_2125,experiment,2020.1.3,59.978575643258026,
