﻿image_cue_1,image_cue_2,image_cue_3,image_target_1,image_target_2,image_target_3,trials.thisRepN,trials.thisTrialN,trials.thisN,trials.thisIndex,textWelcome.started,textWelcome.stopped,keyWelcome.keys,keyWelcome.rt,keyWelcome.started,keyWelcome.stopped,textStart.started,textStart.stopped,keyStart.keys,keyStart.rt,keyStart.started,keyStart.stopped,imageTrailBefore_1.started,imageTrailBefore_1.stopped,imageTrialBefore_2.started,imageTrialBefore_2.stopped,imageTrialBefore_3.started,imageTrialBefore_3.stopped,imageTrialCue_1.started,imageTrialCue_1.stopped,imageTrialCue_2.started,imageTrialCue_2.stopped,imageTrialCue_3.started,imageTrialCue_3.stopped,imageTrialTarget_1.started,imageTrialTarget_1.stopped,imageTrialTarget_2.started,imageTrialTarget_2.stopped,imageTrialTarget_3.started,imageTrialTarget_3.stopped,participant,session,date,expName,psychopyVersion,frameRate,
,,,,,,,,,,9.703635600046255,None,space,2.1548028000397608,9.703635600046255,None,,,,,,,,,,,,,,,,,,,,,,,,,,001,2020_Apr_01_1529,experiment,2020.1.3,60.07922046182844,
,,,,,,,,,,,,,,,,11.875894300057553,None,space,2.038937699981034,11.875894300057553,None,,,,,,,,,,,,,,,,,,,,001,2020_Apr_01_1529,experiment,2020.1.3,60.07922046182844,
images/light_grey_box_with_cue,images/light_grey_box,images/light_grey_box,images/light_grey_box_with_target,images/light_grey_box,images/light_grey_box,0,0,0,6,,,,,,,,,,,,,14.006324699963443,None,14.006324699963443,None,14.006324699963443,None,14.994356099981815,None,14.994356099981815,None,14.994356099981815,None,15.994918999960646,None,15.994918999960646,None,15.994918999960646,None,,001,2020_Apr_01_1529,experiment,2020.1.3,60.07922046182844,
images/light_grey_box,images/light_grey_box,images/light_grey_box_with_cue,images/light_grey_box,images/light_grey_box_with_target,images/light_grey_box,0,1,1,13,,,,,,,,,,,,,16.955882900045253,None,16.955882900045253,None,16.955882900045253,None,17.96381049999036,None,17.96381049999036,None,17.96381049999036,None,18.964644700055942,None,18.964644700055942,None,18.964644700055942,None,,001,2020_Apr_01_1529,experiment,2020.1.3,60.07922046182844,
images/light_grey_box,images/light_grey_box,images/light_grey_box_with_cue,images/light_grey_box,images/light_grey_box_with_target,images/light_grey_box,0,2,2,11,,,,,,,,,,,,,19.955138699966483,None,19.955138699966483,None,19.955138699966483,None,20.963509600027464,None,20.963509600027464,None,20.963509600027464,None,21.96329089999199,None,21.96329089999199,None,21.96329089999199,None,,001,2020_Apr_01_1529,experiment,2020.1.3,60.07922046182844,
images/light_grey_box,images/light_grey_box,images/light_grey_box_with_cue,images/light_grey_box,images/light_grey_box_with_target,images/light_grey_box,0,3,3,10,,,,,,,,,,,,,22.954964000033215,None,22.954964000033215,None,22.954964000033215,None,23.961929799988866,None,23.961929799988866,None,23.961929799988866,None,24.96258040005341,None,24.96258040005341,None,24.96258040005341,None,,001,2020_Apr_01_1529,experiment,2020.1.3,60.07922046182844,
images/light_grey_box,images/light_grey_box,images/light_grey_box_with_cue,images/light_grey_box,images/light_grey_box_with_target,images/light_grey_box,0,4,4,15,,,,,,,,,,,,,25.95429719996173,None,25.95429719996173,None,25.95429719996173,None,26.96217469999101,None,26.96217469999101,None,26.96217469999101,None,27.96260790002998,None,27.96260790002998,None,27.96260790002998,None,,001,2020_Apr_01_1529,experiment,2020.1.3,60.07922046182844,
,,,,,,,,,,,,,,,,,,,,,,28.953437700052746,None,28.953437700052746,None,28.953437700052746,None,29.960816400009207,None,29.960816400009207,None,29.960816400009207,None,,,,,,,,,,,,,
