﻿image_cue_1,image_cue_2,image_cue_3,image_target_1,image_target_2,image_target_3,targetStart,startTime,endTime,trials.thisRepN,trials.thisTrialN,trials.thisN,trials.thisIndex,textWelcome.started,textWelcome.stopped,keyWelcome.keys,keyWelcome.rt,keyWelcome.started,keyWelcome.stopped,textStart.started,textStart.stopped,keyStart.keys,keyStart.rt,keyStart.started,keyStart.stopped,imageTrailBefore_1.started,imageTrailBefore_1.stopped,imageTrialBefore_2.started,imageTrialBefore_2.stopped,imageTrialBefore_3.started,imageTrialBefore_3.stopped,imageTrialCue_1.started,imageTrialCue_1.stopped,imageTrialCue_2.started,imageTrialCue_2.stopped,imageTrialCue_3.started,imageTrialCue_3.stopped,imageTrialTarget_1.started,imageTrialTarget_1.stopped,imageTrialTarget_2.started,imageTrialTarget_2.stopped,imageTrialTarget_3.started,imageTrialTarget_3.stopped,keyResponse.keys,keyResponse.rt,keyResponse.started,keyResponse.stopped,textBlank500.started,textBlank500.stopped,participant,session,date,expName,psychopyVersion,frameRate,
,,,,,,,,,,,,,10.682248900062405,None,space,0.6832859000423923,10.682248900062405,None,,,,,,,,,,,,,,,,,,,,,,,,,,,,,,,,001,2020_Apr_01_2101,experiment,2020.1.3,60.47579941783257,
,,,,,,,,,,,,,,,,,,,11.397588400053792,None,space,0.2850730000063777,11.397588400053792,None,,,,,,,,,,,,,,,,,,,,,,,,,,001,2020_Apr_01_2101,experiment,2020.1.3,60.47579941783257,
images/light_grey_box_with_cue,images/light_grey_box,images/light_grey_box,images/light_grey_box,images/light_grey_box,images/light_grey_box,0,0,0.15,0,0,0,9,,,,,,,,,,,,,11.789366799988784,None,11.789366799988784,None,11.789366799988784,None,12.776639000046998,None,12.776639000046998,None,12.776639000046998,None,12.979100600001402,13.146455200039782,12.979100600001402,13.146455200039782,12.979100600001402,13.146455200039782,space,0.5640710999723524,12.979100600001402,None,13.564538400038145,None,,001,2020_Apr_01_2101,experiment,2020.1.3,60.47579941783257,
images/light_grey_box_with_cue,images/light_grey_box,images/light_grey_box,images/light_grey_box,images/light_grey_box_with_target,images/light_grey_box,0,1,1.25,0,1,1,22,,,,,,,,,,,,,14.07894210005179,None,14.07894210005179,None,14.07894210005179,None,15.104492700076662,None,15.104492700076662,None,15.104492700076662,None,15.279268800048158,15.428708299994469,15.279268800048158,15.428708299994469,15.279268800048158,15.428708299994469,space,0.3364350999472663,15.279268800048158,None,15.647313400055282,None,,001,2020_Apr_01_2101,experiment,2020.1.3,60.47579941783257,
images/light_grey_box_with_cue,images/light_grey_box,images/light_grey_box,images/light_grey_box,images/light_grey_box_with_target,images/light_grey_box,0,0,0.15,0,2,2,2,,,,,,,,,,,,,16.16357960004825,None,16.16357960004825,None,16.16357960004825,None,17.183033099980094,None,17.183033099980094,None,17.183033099980094,None,17.34493460005615,17.545522100059316,17.34493460005615,17.545522100059316,17.34493460005615,17.545522100059316,space,0.2694175000069663,17.34493460005615,None,17.631449999986216,None,,001,2020_Apr_01_2101,experiment,2020.1.3,60.47579941783257,
images/light_grey_box,images/light_grey_box,images/light_grey_box_with_cue,images/light_grey_box,images/light_grey_box,images/light_grey_box,0,0,0.15,0,3,3,19,,,,,,,,,,,,,18.14718470000662,None,18.14718470000662,None,18.14718470000662,None,19.164052900043316,None,19.164052900043316,None,19.164052900043316,None,19.32686560007278,19.46178300003521,19.32686560007278,19.46178300003521,19.32686560007278,19.46178300003521,space,0.4105589999817312,19.32686560007278,None,19.76425490004476,None,,001,2020_Apr_01_2101,experiment,2020.1.3,60.47579941783257,
images/light_grey_box,images/light_grey_box,images/light_grey_box_with_cue,images/light_grey_box,images/light_grey_box_with_target,images/light_grey_box,0,1,1.25,0,4,4,32,,,,,,,,,,,,,20.280371900065802,None,20.280371900065802,None,20.280371900065802,None,21.298022900009528,None,21.298022900009528,None,21.298022900009528,None,21.460969500010833,21.64390440005809,21.460969500010833,21.64390440005809,21.460969500010833,21.64390440005809,space,0.19882439996581525,21.460969500010833,None,21.678150900057517,None,,001,2020_Apr_01_2101,experiment,2020.1.3,60.47579941783257,
images/light_grey_box_with_cue,images/light_grey_box,images/light_grey_box,images/light_grey_box,images/light_grey_box_with_target,images/light_grey_box,0,0,0.15,0,5,5,5,,,,,,,,,,,,,22.19429220003076,None,22.19429220003076,None,22.19429220003076,None,23.203388100024313,None,23.203388100024313,None,23.203388100024313,None,23.374905899981968,23.52785600000061,23.374905899981968,23.52785600000061,23.374905899981968,23.52785600000061,space,0.1931540999794379,23.374905899981968,None,23.595517000067048,None,,001,2020_Apr_01_2101,experiment,2020.1.3,60.47579941783257,
images/light_grey_box_with_cue,images/light_grey_box,images/light_grey_box,images/light_grey_box_with_target,images/light_grey_box,images/light_grey_box,0,1,1.25,0,6,6,26,,,,,,,,,,,,,24.109575300011784,None,24.109575300011784,None,24.109575300011784,None,25.146904100081883,None,25.146904100081883,None,25.146904100081883,None,25.291169799980707,25.45980489999056,25.291169799980707,25.45980489999056,25.291169799980707,25.45980489999056,space,0.1822872000047937,25.291169799980707,None,25.49628299998585,None,,001,2020_Apr_01_2101,experiment,2020.1.3,60.47579941783257,
images/light_grey_box_with_cue,images/light_grey_box,images/light_grey_box,images/light_grey_box,images/light_grey_box_with_target,images/light_grey_box,0,1,1.25,0,7,7,23,,,,,,,,,,,,,26.009816800011322,None,26.009816800011322,None,26.009816800011322,None,27.021767000085674,None,27.021767000085674,None,27.021767000085674,None,27.19369430001825,27.376012000022456,27.19369430001825,27.376012000022456,27.19369430001825,27.376012000022456,space,0.2729731999570504,27.19369430001825,None,27.49567700002808,None,,001,2020_Apr_01_2101,experiment,2020.1.3,60.47579941783257,
images/light_grey_box,images/light_grey_box,images/light_grey_box_with_cue,images/light_grey_box,images/light_grey_box_with_target,images/light_grey_box,0,0,0.15,0,8,8,10,,,,,,,,,,,,,28.009399999980815,None,28.009399999980815,None,28.009399999980815,None,29.03022120008245,None,29.03022120008245,None,29.03022120008245,None,29.261713100015186,29.29601619997993,29.261713100015186,29.29601619997993,29.261713100015186,29.29601619997993,space,0.11467270005960017,29.261713100015186,None,29.393373500090092,None,,001,2020_Apr_01_2101,experiment,2020.1.3,60.47579941783257,
images/light_grey_box,images/light_grey_box,images/light_grey_box_with_cue,images/light_grey_box,images/light_grey_box_with_target,images/light_grey_box,0,0,0.15,0,9,9,13,,,,,,,,,,,,,29.909160600043833,None,29.909160600043833,None,29.909160600043833,None,30.926695900037885,None,30.926695900037885,None,30.926695900037885,None,31.10896420001518,31.25859149999451,31.10896420001518,31.25859149999451,31.10896420001518,31.25859149999451,space,0.18917629995848984,31.10896420001518,None,31.320922299986705,None,,001,2020_Apr_01_2101,experiment,2020.1.3,60.47579941783257,
images/light_grey_box,images/light_grey_box,images/light_grey_box_with_cue,images/light_grey_box,images/light_grey_box_with_target,images/light_grey_box,0,0,0.15,0,10,10,11,,,,,,,,,,,,,31.82720749999862,None,31.82720749999862,None,31.82720749999862,None,32.85025950009003,None,32.85025950009003,None,32.85025950009003,None,33.022806900087744,33.159333000076,33.022806900087744,33.159333000076,33.022806900087744,33.159333000076,space,0.20279280003160238,33.022806900087744,None,33.2436664000852,None,,001,2020_Apr_01_2101,experiment,2020.1.3,60.47579941783257,
images/light_grey_box_with_cue,images/light_grey_box,images/light_grey_box,images/light_grey_box,images/light_grey_box,images/light_grey_box_with_target,0,0,0.15,0,11,11,7,,,,,,,,,,,,,33.758258800022304,None,33.758258800022304,None,33.758258800022304,None,34.78408750006929,None,34.78408750006929,None,34.78408750006929,None,34.97549610002898,35.1256392999785,34.97549610002898,35.1256392999785,34.97549610002898,35.1256392999785,space,0.175406499998644,34.97549610002898,None,35.1771983000217,None,,001,2020_Apr_01_2101,experiment,2020.1.3,60.47579941783257,
images/light_grey_box_with_cue,images/light_grey_box,images/light_grey_box,images/light_grey_box,images/light_grey_box_with_target,images/light_grey_box,0,0,0.15,0,12,12,4,,,,,,,,,,,,,35.69123660004698,None,35.69123660004698,None,35.69123660004698,None,36.712167700054124,None,36.712167700054124,None,36.712167700054124,None,36.891509099979885,36.990968300029635,36.891509099979885,36.990968300029635,36.891509099979885,36.990968300029635,escape,0.3661300999810919,36.891509099979885,None,37.27526500006206,None,,001,2020_Apr_01_2101,experiment,2020.1.3,60.47579941783257,
images/light_grey_box_with_cue,images/light_grey_box,images/light_grey_box,images/light_grey_box,images/light_grey_box_with_target,images/light_grey_box,0,1,1.25,0,13,13,21,,,,,,,,,,,,,37.774199699983,None,37.774199699983,None,37.774199699983,None,38.79306130006444,None,38.79306130006444,None,38.79306130006444,None,38.97454890003428,39.14049450005405,38.97454890003428,39.14049450005405,38.97454890003428,39.14049450005405,space,1.3063074999954551,38.97454890003428,None,40.309308300027624,None,,001,2020_Apr_01_2101,experiment,2020.1.3,60.47579941783257,
