﻿image_1,image_2,image_3,trials.thisRepN,trials.thisTrialN,trials.thisN,trials.thisIndex,textWelcome.started,textWelcome.stopped,keyWelcome.keys,keyWelcome.rt,keyWelcome.started,keyWelcome.stopped,textStart.started,textStart.stopped,keyStart.keys,keyStart.rt,keyStart.started,keyStart.stopped,imageTrailBefore_1.started,imageTrailBefore_1.stopped,imageTrialBefore_2.started,imageTrialBefore_2.stopped,imageTrialBefore_3.started,imageTrialBefore_3.stopped,imageTrialCue_1.started,imageTrialCue_1.stopped,imageTrialCue_2.started,imageTrialCue_2.stopped,imageTrialCue_3.started,imageTrialCue_3.stopped,participant,session,date,expName,psychopyVersion,frameRate,
,,,,,,,55.173487100051716,None,space,1.1173669999698177,55.173487100051716,None,,,,,,,,,,,,,,,,,,,,001,2020_Apr_01_1505,experiment,2020.1.3,60.154283691113584,
,,,,,,,,,,,,,56.33643230004236,None,space,0.7582494000671431,56.33643230004236,None,,,,,,,,,,,,,,001,2020_Apr_01_1505,experiment,2020.1.3,60.154283691113584,
images/light_grey_box_with_cue,images/light_grey_box,images/light_grey_box,0,0,0,0,,,,,,,,,,,,,57.51796069997363,None,57.51796069997363,None,57.51796069997363,None,59.23544650000986,None,59.23544650000986,None,59.23544650000986,None,,001,2020_Apr_01_1505,experiment,2020.1.3,60.154283691113584,
images/light_grey_box,images/light_grey_box,images/light_grey_box_with_cue,0,1,1,1,,,,,,,,,,,,,60.13586879998911,None,60.13586879998911,None,60.13586879998911,None,62.16044280002825,None,62.16044280002825,None,62.16044280002825,None,,001,2020_Apr_01_1505,experiment,2020.1.3,60.154283691113584,
images/light_grey_box_with_cue,images/light_grey_box,images/light_grey_box,1,0,2,0,,,,,,,,,,,,,63.130607899976894,None,63.130607899976894,None,63.130607899976894,None,65.16085390001535,None,65.16085390001535,None,65.16085390001535,None,,001,2020_Apr_01_1505,experiment,2020.1.3,60.154283691113584,
images/light_grey_box,images/light_grey_box,images/light_grey_box_with_cue,1,1,3,1,,,,,,,,,,,,,66.13205690006725,None,66.13205690006725,None,66.13205690006725,None,68.15542149997782,None,68.15542149997782,None,68.15542149997782,None,,001,2020_Apr_01_1505,experiment,2020.1.3,60.154283691113584,
images/light_grey_box,images/light_grey_box,images/light_grey_box_with_cue,2,0,4,1,,,,,,,,,,,,,69.13125350000337,None,69.13125350000337,None,69.13125350000337,None,71.15443560003769,None,71.15443560003769,None,71.15443560003769,None,,001,2020_Apr_01_1505,experiment,2020.1.3,60.154283691113584,
images/light_grey_box_with_cue,images/light_grey_box,images/light_grey_box,2,1,5,0,,,,,,,,,,,,,72.13088349997997,None,72.13088349997997,None,72.13088349997997,None,74.16083349997643,None,74.16083349997643,None,74.16083349997643,None,,001,2020_Apr_01_1505,experiment,2020.1.3,60.154283691113584,
images/light_grey_box,images/light_grey_box,images/light_grey_box_with_cue,3,0,6,1,,,,,,,,,,,,,75.13178210007027,None,75.13178210007027,None,75.13178210007027,None,77.1471052999841,None,77.1471052999841,None,77.1471052999841,None,,001,2020_Apr_01_1505,experiment,2020.1.3,60.154283691113584,
images/light_grey_box_with_cue,images/light_grey_box,images/light_grey_box,3,1,7,0,,,,,,,,,,,,,78.12932990002446,None,78.12932990002446,None,78.12932990002446,None,80.17018040001858,None,80.17018040001858,None,80.17018040001858,None,,001,2020_Apr_01_1505,experiment,2020.1.3,60.154283691113584,
images/light_grey_box,images/light_grey_box,images/light_grey_box_with_cue,4,0,8,1,,,,,,,,,,,,,81.1298180000158,None,81.1298180000158,None,81.1298180000158,None,83.15655569999944,None,83.15655569999944,None,83.15655569999944,None,,001,2020_Apr_01_1505,experiment,2020.1.3,60.154283691113584,
images/light_grey_box_with_cue,images/light_grey_box,images/light_grey_box,4,1,9,0,,,,,,,,,,,,,84.12855560006574,None,84.12855560006574,None,84.12855560006574,None,86.15394350001588,None,86.15394350001588,None,86.15394350001588,None,,001,2020_Apr_01_1505,experiment,2020.1.3,60.154283691113584,
images/light_grey_box,images/light_grey_box,images/light_grey_box_with_cue,5,0,10,1,,,,,,,,,,,,,87.12788619997445,None,87.12788619997445,None,87.12788619997445,None,89.1535215000622,None,89.1535215000622,None,89.1535215000622,None,,001,2020_Apr_01_1505,experiment,2020.1.3,60.154283691113584,
images/light_grey_box_with_cue,images/light_grey_box,images/light_grey_box,5,1,11,0,,,,,,,,,,,,,90.12747000006493,None,90.12747000006493,None,90.12747000006493,None,92.14828239998315,None,92.14828239998315,None,92.14828239998315,None,,001,2020_Apr_01_1505,experiment,2020.1.3,60.154283691113584,
